{"init_keypoint_positions": [[-0.2543040193877278, -0.31301497333019956, 0.8303261511002163], [-0.36791020416616793, -0.2994996450473095, 0.7911095014470463], [-0.35992375545629984, -0.2659587566110052, 0.8836612288795678], [-0.28410871626925993, -0.26253108578327006, 0.9907850594909506], [-0.31197408686055367, -0.26044042153050867, 0.8680744542555388], [-0.08932567889935805, 0.09479417703681386, 0.7443610659132597], [-0.24586037282803147, 0.10232105714583489, 0.7347441213158747], [-0.05950816135602366, 0.1297407158213598, 0.7907445135524684], [-0.22204915142289217, 0.14973069789963148, 0.8095340096480765], [-0.370749216286414, 0.1582480877557724, 0.7212378694829716], [-0.3681691469733835, 0.17327495306698873, 0.8021729498265876], [-0.2598270380053264, 0.20720994534761988, 0.7377938144908217], [-0.28141314180336524, 0.21731685735749398, 0.703886545503627]], "num_keypoints": 13, "num_stages": 4, "grasp_keypoints": [-1, 5, -1, -1], "release_keypoints": [-1, -1, -1, 5]}