{"init_keypoint_positions": [[-0.3111988354597315, -0.2586204202944867, 0.9099403178882304], [-0.36804927359507833, -0.298204642994553, 0.7906645480954457], [-0.27826031527273676, 0.0791796987580335, 0.8096995344728922], [-0.3552122208619627, 0.10371395183556215, 0.7767134695171201], [-0.08466939858959646, 0.1022481904938945, 0.7662990972867243], [-0.23170152118149978, 0.12961105184827462, 0.71708928757639], [-0.3596004258661041, 0.1881261703395282, 0.7850963233262876], [-0.25762168599004753, -0.2828209635142938, 0.8460078462967785], [-0.28095739377042794, -0.26559793144423166, 0.9868841728275], [-0.0649041316827535, 0.12048192838115271, 0.7436634508200745], [-0.35137232777122474, 0.10092917348037836, 0.798051004627807], [-0.23023646209158, 0.13819212907609368, 0.7741687958650931]], "num_keypoints": 12, "num_stages": 3, "grasp_keypoints": [9, -1, -1], "release_keypoints": [-1, -1, 9]}