{"init_keypoint_positions": [[-0.05960383355767096, 0.12904362571713568, 0.7905681226068878], [-0.09960145829728648, 0.08945536192328504, 0.7263544400239553], [-0.22915790858661095, 0.1526524571685207, 0.7923975815576088], [-0.23668222135439398, 0.18083909755561897, 0.704342793525353], [-0.24341370699253262, 0.10784683136233833, 0.7198366941706255], [-0.33346326841705587, 0.21214855558953896, 0.8016333318484644], [-0.25912398396188885, -0.26503259910439014, 0.8917386111659835], [-0.26350936287571775, -0.30086478827787566, 0.8488725998995179], [-0.3109657124272285, -0.25825726574506214, 0.9741696201863728], [-0.31523660708215306, 0.21817334259646665, 0.6994394050523902], [-0.3244843731347933, -0.25801539595066847, 0.9190071367054866], [-0.3608527642725659, 0.1095552234871558, 0.7590665848106805], [-0.36252961009340245, -0.2647014771777433, 0.8839382774218065]], "num_keypoints": 13, "num_stages": 3, "grasp_keypoints": [0, -1, -1], "release_keypoints": [-1, -1, -1]}