{"init_keypoint_positions": [[-0.2984369495141661, -0.2561114535261081, 0.9062178335339994], [-0.36810914543832074, -0.29593263295129046, 0.795022877820799], [-0.2644960352638772, 0.08876504853915931, 0.7161346154047991], [-0.2737926002548612, 0.08051056264838582, 0.8097008206960662], [-0.10966482880147577, 0.09089555501417648, 0.7165650308533322], [-0.3608527642725659, 0.1095552234871558, 0.7590665848106805], [-0.07422504405398522, 0.10812374158210758, 0.7828623648689894], [-0.31523660708215306, 0.21817334259646665, 0.6994394050523902], [-0.3335651583071161, 0.21208065436578383, 0.8064075633298412]], "num_keypoints": 9, "num_stages": 3, "grasp_keypoints": [4, -1, -1], "release_keypoints": [-1, -1, 4]}