{"init_keypoint_positions": [[-0.3230432822133884, -0.25785036580715026, 0.9231382533547858], [-0.2645027910574507, -0.25826892808818785, 0.9020728370958566], [-0.36810918601429155, -0.29593269556135743, 0.7950227633926771], [-0.2644962953707086, 0.08876523788624321, 0.7161329068668868], [-0.2737926002548612, 0.08051056264838582, 0.8097008206960662], [-0.3586893806597182, 0.10691770788580518, 0.7658488457168999], [-0.10931697840106477, 0.10643726644519977, 0.7328081955563734], [-0.07421352796211136, 0.11654661073258935, 0.7922662858663543], [-0.36376491309953074, 0.1809201161325189, 0.7778407410731664], [-0.31399343639378285, 0.21838583235884176, 0.727518446519028], [-0.2960363707700206, 0.22328495659875933, 0.8097281382324767]], "num_keypoints": 11, "num_stages": 3, "grasp_keypoints": [6, -1, -1], "release_keypoints": [-1, -1, 6]}