{"init_keypoint_positions": [[-0.34578362462524537, -0.2612435935335651, 0.8992722364949668], [-0.36833226962880417, -0.2939442590889131, 0.7988600613534022], [-0.2644960352638772, 0.08876504853915931, 0.7161346154047991], [-0.2737926002548612, 0.08051056264838582, 0.8097008206960662], [-0.3608527642725659, 0.1095552234871558, 0.7590665848106805], [-0.09998986283816927, 0.11696871198583453, 0.7620868401112807], [-0.33270088586023916, 0.21265647567444393, 0.7659145276852176], [-0.2642065793626245, -0.29962706143330725, 0.8488482159246211], [-0.28200730029265697, -0.26457598210834915, 0.9881839190776682], [-0.05941964774946579, 0.1292039018570586, 0.7890795163061252], [-0.36973989392552487, 0.16027734936982058, 0.7806067716398064], [-0.2286523835180509, 0.15943476464700845, 0.8022123370147414]], "num_keypoints": 12, "num_stages": 4, "grasp_keypoints": [5, -1, -1, -1], "release_keypoints": [-1, -1, -1, 5]}