{"init_keypoint_positions": [[-0.3241380497255326, -0.26132404217970207, 0.872970574284513], [-0.2368038587901426, 0.10684719726263471, 0.809714616885242], [-0.07561645504498901, 0.10817663814316278, 0.7828511490688297], [-0.35883583468366365, 0.1894414698429604, 0.7967120017766853]], "num_keypoints": 4, "num_stages": 3, "grasp_keypoints": [2, -1, -1], "release_keypoints": [-1, -1, 2]}