{"init_keypoint_positions": [[-0.353839571700358, -0.26268988275707655, 0.8955690027192214], [-0.3687458946016545, -0.29009001090317243, 0.7975575870062465], [-0.2644960352638772, 0.08876504853915931, 0.7161346154047991], [-0.2737926002548612, 0.08051056264838582, 0.8097008206960662], [-0.07694716974717888, 0.10102977561633458, 0.7625997478481794], [-0.364387232663809, 0.17984346327963335, 0.776046523794835], [-0.31523660708215306, 0.21817334259646665, 0.6994394050523902], [-0.3273282631489524, 0.2163220060470476, 0.773329823166651], [-0.27497489149446774, -0.25731022931347397, 0.944776059490714], [-0.3637591687957903, -0.3308290927227057, 0.7943536657048837], [-0.06547904579515756, 0.12124918915904125, 0.7425654236619129], [-0.23023646209158, 0.13819212907609368, 0.7741687958650931], [-0.3698365777159158, 0.15898605407057484, 0.7804600654543479]], "num_keypoints": 13, "num_stages": 2, "grasp_keypoints": [4, -1], "release_keypoints": [-1, 4]}