{"init_keypoint_positions": [[-0.2524781262311794, -0.3091727152036972, 0.9013507724598592], [-0.3222671405825611, -0.2597862635270276, 0.8657129820109083], [-0.2658576730715524, 0.08742265454419867, 0.7609263087081811], [-0.07665661912089816, 0.09364288297772505, 0.7154540639723661], [-0.24464914852192077, 0.10570453432658594, 0.7236287715240425], [-0.3596940664014774, 0.1077899979890781, 0.7357929726663068], [-0.23478575091418086, 0.12154442609433375, 0.7644292199966221], [-0.05950816135602366, 0.1297407158213598, 0.7907445135524684], [-0.371085838329254, 0.1422984467404341, 0.7756484803729614], [-0.22908206298815892, 0.153636002750488, 0.784598678698283], [-0.24704485261812809, 0.19632872943191257, 0.743879519301494], [-0.3315990674311988, 0.21341818453729086, 0.7974007953199629], [-0.31523660708215306, 0.21817334259646665, 0.6994394050523902]], "num_keypoints": 13, "num_stages": 4, "grasp_keypoints": [-1, 2, -1, -1], "release_keypoints": [-1, -1, -1, 2]}