{"init_keypoint_positions": [[-0.32106784843751124, -0.2600074243160943, 0.8651340397148668], [-0.0370264072805698, 0.09282915205751038, 0.7694277111483447], [-0.24417549637153935, 0.10650342035683068, 0.7530067186922211], [-0.3703851859064261, 0.16330799905148205, 0.7051110590597771], [-0.06397408984614211, 0.17224416527547246, 0.7007046166913238], [-0.35974674137420126, 0.1878563324837188, 0.8077281503213232], [-0.2886477842114327, 0.2190951770550028, 0.7258090026949945]], "num_keypoints": 7, "num_stages": 3, "grasp_keypoints": [1, -1, -1], "release_keypoints": [-1, -1, 1]}