{"init_keypoint_positions": [[-0.2595003858367334, -0.36337776711423153, 1.0995864790354593], [-0.364583648414872, -0.3237452679208572, 0.7911776266378909], [-0.27112076069633884, -0.3174506527967027, 1.0761277477431448], [-0.3232646611867309, -0.26107353401954286, 0.8757333026738846], [-0.2866340303499636, -0.2601313382328512, 0.9635315752145033], [-0.25227786269588026, 0.0957902406417514, 0.7760229805397352], [-0.07305325575232657, 0.09710695608997172, 0.7184114556720425], [-0.0749925649058886, 0.1059334071746327, 0.7785862846389188], [-0.3608527642725659, 0.1095552234871558, 0.7590665848106805], [-0.23187908285757963, 0.12561861259248797, 0.7328347676341375], [-0.23187908285757963, 0.12561861259248797, 0.7328347676341375], [-0.2260942380599022, 0.15677430720398738, 0.8097281515986677], [-0.36192000248503353, 0.18411078390265687, 0.7831598640970734], [-0.2477848466952438, 0.19613615477559393, 0.6994302961008962], [-0.2711462454238689, 0.2132842117226187, 0.7971654379226827], [-0.31523660708215306, 0.21817334259646665, 0.6994394050523902]], "num_keypoints": 16, "num_stages": 4, "grasp_keypoints": [-1, 5, -1, -1], "release_keypoints": [-1, -1, -1, 5]}