{"init_keypoint_positions": [[-0.2542357815725818, -0.3120051491477802, 0.8348233596316192], [-0.2682725216198279, -0.29110220345611304, 0.9999468817138195], [-0.34087066230688445, -0.26077065098551316, 0.9572808586657775], [-0.3222671405825611, -0.2597862635270276, 0.8657129820109083], [-0.09960145829728648, 0.08945536192328504, 0.7263544400239553], [-0.24658362851967697, 0.10106645815954665, 0.7342622194337878], [-0.3596940664014774, 0.1077899979890781, 0.7357929726663068], [-0.05960383355767096, 0.12904362571713568, 0.7905681226068878], [-0.2290177948707916, 0.15449793813059703, 0.7858634235509844], [-0.3696578035022118, 0.1613787930756328, 0.7821633146439448], [-0.23402434587273968, 0.1740669763438488, 0.7069493624122856], [-0.24638443306349794, 0.19571627496658098, 0.7477107731065846], [-0.3315990674311988, 0.21341818453729086, 0.7974007953199629], [-0.31523660708215306, 0.21817334259646665, 0.6994394050523902]], "num_keypoints": 14, "num_stages": 4, "grasp_keypoints": [-1, 4, -1, -1], "release_keypoints": [-1, -1, -1, 4]}