{"init_keypoint_positions": [[-0.3219130531419292, -0.2594333028524686, 0.8712980166683246], [0.09360618363965903, -0.23540450234225682, 0.707980527485848], [-0.1491921447070274, -0.15312017101509923, 0.7145753915450324], [0.09109761990251683, -0.06621232434597457, 0.7081474416052196], [-0.2601476456735895, 0.09173556713184888, 0.7334080268402143], [-0.11762727494283598, 0.08950169036678292, 0.7165538810947775], [-0.09800410895418743, 0.0956199276377566, 0.8049414320732571], [-0.3699111090824956, 0.1684674422132248, 0.7975162080082185], [-0.23600045168233125, 0.17745173708304426, 0.8097306475427812], [-0.29476568762202426, 0.2209739971287426, 0.720824487759808]], "num_keypoints": 10, "num_stages": 3, "grasp_keypoints": [1, -1, -1], "release_keypoints": [-1, -1, 1]}