{"init_keypoint_positions": [[-0.3241380497255326, -0.26132404217970207, 0.872970574284513], [0.09411877814211703, -0.13791483850845387, 0.7094693631365196], [-0.14838699693936414, -0.08057649498281272, 0.7152134795537899], [0.08998254356221028, -0.06318324763952064, 0.7073608998581346], [-0.26945441742874604, 0.08538556159599757, 0.7174613322215019], [-0.3588037608348451, 0.18954993659730043, 0.7242495306939054], [-0.2788101990103473, 0.21611130852493063, 0.7597335098522828]], "num_keypoints": 7, "num_stages": 3, "grasp_keypoints": [2, -1, -1], "release_keypoints": [-1, -1, 2]}