{"init_keypoint_positions": [[-0.3616249222163953, -0.26468318837359117, 0.8861895748119317], [-0.29762106230563956, -0.2578864889217748, 0.8709124251874006], [-0.2576808274520812, -0.28606808823319113, 0.8074118830382674], [-0.24274803656685956, 0.10900627944754993, 0.7112160742926552], [-0.17961276856826247, 0.12291157492627147, 0.7448814328578947], [-0.01936346611539283, 0.1262471162251648, 0.7670338626748117], [-0.37366069329106755, 0.13719809034547376, 0.8096922273936263], [-0.06397408984614211, 0.17224416527547246, 0.7007046166913238], [-0.25975607493965563, 0.20716539488624428, 0.7488393843194566]], "num_keypoints": 9, "num_stages": 3, "grasp_keypoints": [5, -1, -1], "release_keypoints": [-1, -1, 5]}