{"init_keypoint_positions": [[-0.3685525527365887, -0.2919807357600757, 0.8026492810257442], [-0.26838808470395015, -0.2737763958387587, 0.8033994078854153], [-0.27660310478444744, -0.26954159445309245, 0.9816699527734316], [-0.3573393561997755, -0.26346345432054696, 0.8901142721523045], [-0.2959214698635302, -0.25601805614081297, 0.9200348612923911], [-0.09960145829728648, 0.08945536192328504, 0.7263544400239553], [-0.24400294243191137, 0.10682989346452379, 0.7151055419669515], [-0.05950816135602366, 0.1297407158213598, 0.7907445135524684], [-0.22932516990973173, 0.15007342289343986, 0.6994242043953458], [-0.22899586748929107, 0.15478186152321025, 0.783625208000749], [-0.370873072275284, 0.15660040538280834, 0.7209099294106877], [-0.3702108058561157, 0.16545200270482505, 0.8096991382612825], [-0.24853483562052242, 0.1967785235235509, 0.7603412522009975], [-0.33335967389314614, 0.21221752325606283, 0.7967811354181626], [-0.3151297778270502, 0.21820986867479794, 0.7227121291142355]], "num_keypoints": 15, "num_stages": 4, "grasp_keypoints": [-1, 5, -1, -1], "release_keypoints": [-1, -1, -1, 5]}