{"init_keypoint_positions": [[-0.37481682781001424, -0.2866041431462873, 0.8194082795303996], [-0.25798706575714214, -0.2855374517873977, 0.8320621151998812], [-0.3082772355229519, -0.25970166863418603, 0.8762355608440322], [-0.3155061163044822, -0.2481667006488873, 1.0310622104500933], [-0.08666982995209666, 0.09124639506770857, 0.7346764105222356], [-0.23170152118149978, 0.12961105184827462, 0.71708928757639], [-0.05950816135602366, 0.1297407158213598, 0.7907445135524684], [-0.22908206298815892, 0.153636002750488, 0.784598678698283], [-0.370749216286414, 0.1582480877557724, 0.7212378694829716], [-0.3681691469733835, 0.17327495306698873, 0.8021729498265876], [-0.2598270380053264, 0.20720994534761988, 0.7377938144908217], [-0.2595048879336994, 0.20788419174216435, 0.7721952612357114], [-0.31523660708215306, 0.21817334259646665, 0.6994394050523902]], "num_keypoints": 13, "num_stages": 4, "grasp_keypoints": [-1, 6, -1, -1], "release_keypoints": [-1, -1, -1, 6]}