{"init_keypoint_positions": [[-0.2996747421882757, -0.25616570622245644, 0.9062913397239964], [-0.2574715420328291, -0.2884020001977924, 0.8268090088104336], [-0.3777167619005214, -0.28512045396906704, 0.8198278513731571], [-0.26041410216525607, 0.09154954690463268, 0.7204141614449097], [-0.3608527642725659, 0.1095552234871558, 0.7590665848106805], [-0.1093169892473157, 0.10643724912122902, 0.7328083178726369], [-0.24268798147592036, 0.10128326890140486, 0.8097121849859078], [-0.09092556326755583, 0.11743344879502385, 0.7829489792853466], [-0.35974660217738763, 0.18785620983344745, 0.8077285506644615], [-0.34486622277520906, 0.20435972082635173, 0.7585430162013378], [-0.2930211650003449, 0.22454797060491818, 0.809728984043018]], "num_keypoints": 11, "num_stages": 4, "grasp_keypoints": [-1, 0, -1, -1], "release_keypoints": [-1, -1, -1, 0]}