{"init_keypoint_positions": [[-0.31612454309793797, -0.2576713410466574, 0.9361125840150191], [-0.2572036992362507, -0.2900649273170806, 0.8107029979547543], [-0.3312402968977479, 0.06853852037470924, 0.7768906580226346], [-0.18836651552137912, 0.11540832654081229, 0.7233774874435632], [-0.4452904757395634, 0.14847706599524832, 0.7253157871766714], [-0.4459741595590746, 0.14649220405242735, 0.8018348616640931], [-0.2943880275462315, 0.23266977470663489, 0.7464121155137703]], "num_keypoints": 7, "num_stages": 3, "grasp_keypoints": [6, -1, -1], "release_keypoints": [-1, -1, 6]}