{"init_keypoint_positions": [[-0.34668447917523004, -0.26333367441039707, 0.8934522724444232], [-0.36804927359507833, -0.298204642994553, 0.7906645480954457], [-0.27826031527273676, 0.0791796987580335, 0.8096995344728922], [-0.2644960352638772, 0.08876504853915931, 0.7161346154047991], [-0.34681143377801116, 0.09596431926053214, 0.7981029105849249], [-0.08604908308801926, 0.10236557624452652, 0.7658233373178887], [-0.33246590737748843, 0.2128130267159362, 0.7549053679324096], [-0.2642065793626245, -0.29962706143330725, 0.8488482159246211], [-0.2817859347422397, -0.26481825880385457, 0.9857062467079007], [-0.06475102231564839, 0.119740001075875, 0.7435783662684484], [-0.23023646209158, 0.13819212907609368, 0.7741687958650931], [-0.3698365777159158, 0.15898605407057484, 0.7804600654543479]], "num_keypoints": 12, "num_stages": 2, "grasp_keypoints": [9, -1], "release_keypoints": [-1, 9]}