{"init_keypoint_positions": [[-0.25433926461014655, -0.31273671202744247, 0.8318173805185443], [-0.36791020416616793, -0.2994996450473095, 0.7911095014470463], [-0.358434728868926, -0.2656746673820417, 0.8839708884001867], [-0.2858377971303071, -0.25908816699112186, 0.8699853927162174], [-0.3170653510050331, -0.24803132034316033, 1.0288672127541774], [-0.07665661912089816, 0.09364288297772505, 0.7154540639723661], [-0.3616461676128768, 0.11156649548373213, 0.756542588882882], [-0.06854702443234806, 0.12131646697889419, 0.7996250254637829], [-0.23170152118149978, 0.12961105184827462, 0.71708928757639], [-0.2292544185665371, 0.15137344484907364, 0.794474682621447], [-0.3696578035022118, 0.1613787930756328, 0.7821633146439448], [-0.24582736400260108, 0.19519968004507304, 0.7442002506815822], [-0.2695746337071395, 0.2131934172962513, 0.707728024751068], [-0.3174696511362829, 0.21790910337480843, 0.8039318845944083], [-0.313690356824591, 0.21840567713095776, 0.6983344912114665]], "num_keypoints": 15, "num_stages": 4, "grasp_keypoints": [-1, 7, -1, -1], "release_keypoints": [-1, -1, -1, 7]}