{"init_keypoint_positions": [[-0.25977564719742613, -0.26331499208731235, 0.8947992770736704], [-0.06605070394018386, -0.23208362453007084, 0.7248463499297911], [-0.050139397792809015, -0.18259391027050154, 0.8446934266592662], [-0.14142248458756362, -0.16245118267667055, 0.8201057938210263], [0.02933175285148701, -0.16992518171408857, 0.7589115684229748], [-0.0372555099764072, -0.11446107667915603, 0.8192391895911246], [-0.12395300387649971, -0.0889584902102804, 0.7759673509567109], [-0.2426879323641395, 0.10128321508428693, 0.8097125391852441], [-0.37218295892901065, 0.12965778439241174, 0.8096908603763776], [-0.3701713588510813, 0.16617591461470232, 0.6998088604035377]], "num_keypoints": 10, "num_stages": 3, "grasp_keypoints": [4, -1, -1], "release_keypoints": [-1, -1, 4]}