{"init_keypoint_positions": [[-0.3485449029162516, -0.2635582558128606, 0.8955534933098006], [-0.36804927359507833, -0.298204642994553, 0.7906645480954457], [-0.2644960352638772, 0.08876504853915931, 0.7161346154047991], [-0.08948619698769394, 0.11456431757205558, 0.7824296577905379], [-0.22607788960481767, 0.15821116193385604, 0.8097285246774881], [-0.31523660708215306, 0.21817334259646665, 0.6994394050523902], [-0.332644012462735, 0.21270805095946624, 0.8043310281850747], [-0.25423318748701407, -0.31357306681060876, 0.8273346094446001], [-0.3025365853566869, -0.2584341615886628, 0.9512097797341076], [-0.06536267032312115, 0.12270341582934616, 0.7439181502205136], [-0.23028738304865126, 0.13753569521633843, 0.7799221750598389], [-0.37110791546394306, 0.14205415859555026, 0.7886570076681662], [-0.3159022766453763, 0.2181485605505819, 0.8080090884880704]], "num_keypoints": 13, "num_stages": 3, "grasp_keypoints": [9, -1, -1], "release_keypoints": [-1, -1, 9]}