{"init_keypoint_positions": [[-0.2542357815725818, -0.3120051491477802, 0.8348233596316192], [-0.2837738465908422, -0.26097884572608415, 0.9980084905152454], [-0.2633484922368593, -0.26097662382201414, 0.9630523184464136], [-0.3222671405825611, -0.2597862635270276, 0.8657129820109083], [-0.07665661912089816, 0.09364288297772505, 0.7154540639723661], [-0.24586037282803147, 0.10232105714583489, 0.7347441213158747], [-0.3596940664014774, 0.1077899979890781, 0.7357929726663068], [-0.06914640185103202, 0.11870981927458724, 0.7948348284442003], [-0.2339490147121867, 0.12301595612169487, 0.7933798519793491], [-0.23165083568966305, 0.1880057834972512, 0.8065977757156324], [-0.24560859084552156, 0.19499684639207512, 0.7454779879196147], [-0.3315990674311988, 0.21341818453729086, 0.7974007953199629], [-0.31523660708215306, 0.21817334259646665, 0.6994394050523902]], "num_keypoints": 13, "num_stages": 4, "grasp_keypoints": [-1, 4, -1, -1], "release_keypoints": [-1, -1, -1, 4]}