{"init_keypoint_positions": [[-0.32090191844939564, -0.2620859448418149, 0.8611889558775535], [0.008748047243269191, -0.14761071991763808, 0.7238364460597642], [-0.12377741703157655, -0.1296143293909611, 0.7671718304189428], [-0.2644957482494426, 0.08876483960444606, 0.7161365006880125], [-0.2274733138766597, 0.16259600176771488, 0.8097293422389181], [-0.35825133113616237, 0.19045285307414386, 0.7983835129895803], [-0.30952909535279327, 0.21905591583296227, 0.7244355126587055]], "num_keypoints": 7, "num_stages": 3, "grasp_keypoints": [2, -1, -1], "release_keypoints": [-1, -1, 2]}