{"init_keypoint_positions": [[-0.30780376340376503, -0.2573544799165722, 0.8633323321666704], [-0.3260608699272698, -0.30472801137282146, 0.744282130014838], [0.08957741785789744, -0.22152097835559767, 0.7037891613943336], [-0.28935211606672756, -0.17751552710049293, 0.7535390107552058], [-0.15389568788551833, -0.15765104828407758, 0.7041716134358602], [0.09567378737804619, -0.09552467416528582, 0.7104033472258953], [-0.27288702538366644, -0.09151642770053278, 0.7393821907008502], [-0.23531937736349032, 0.1096757642179004, 0.8097155991129531], [-0.36994375119526246, 0.16805217375828224, 0.79301225051063]], "num_keypoints": 9, "num_stages": 3, "grasp_keypoints": [5, -1, -1], "release_keypoints": [-1, -1, 5]}