{"init_keypoint_positions": [[-0.2634131322840545, -0.25887029384079485, 0.9132474662623274], [-0.36819476435865217, -0.29522501140179847, 0.7992930373974888], [-0.2737926002548612, 0.08051056264838582, 0.8097008206960662], [-0.10235382934685527, 0.09896588821812007, 0.7395097434931523], [-0.3608527642725659, 0.1095552234871558, 0.7590665848106805], [-0.2397720829173291, 0.11415167519358489, 0.721599113811868], [-0.07840977368571556, 0.11801465888040252, 0.7929277080444439], [-0.3151297778270502, 0.21820986867479794, 0.7227121291142355], [-0.3335742047389445, 0.21206000596468436, 0.7628432786542392], [-0.3335651583071161, 0.21208065436578383, 0.8064075633298412], [-0.2649043565488625, -0.29838855934509384, 0.8488238028490025], [-0.28189667658238543, -0.2646970161671233, 0.9869459681392765], [-0.07853786869178153, 0.09152360373851491, 0.7136037751894428], [-0.06011242157627922, 0.11701765809558029, 0.7789733293796599], [-0.24586037282803147, 0.10232105714583489, 0.7347441213158747], [-0.35137232777122474, 0.10092917348037836, 0.798051004627807], [-0.23044705616361338, 0.1354710504990996, 0.7980182390423904], [-0.3698365777159158, 0.15898605407057484, 0.7804600654543479], [-0.24660392537595266, 0.19591987981293188, 0.7464370914336533]], "num_keypoints": 19, "num_stages": 3, "grasp_keypoints": [3, -1, -1], "release_keypoints": [-1, -1, 3]}