{"init_keypoint_positions": [[-0.32992794496244415, -0.2592836760454325, 0.9070994265394194], [-0.36922273637873126, -0.28625589261268025, 0.8220828138692837], [-0.10387154056206221, 0.08820089790072028, 0.7381842794800114], [-0.2530303559560716, 0.09150296762768537, 0.8097104692772261], [-0.243940701741754, 0.10694769612824087, 0.7014312647501456], [-0.3558908158390184, 0.1945697449673265, 0.7610765330732179], [-0.07476814308321716, 0.19777966026658153, 0.700039100142289], [-0.23593492942631594, 0.18321531148712988, 0.8097314843571525], [-0.1536726357596301, 0.237070523284296, 0.7655773313562942]], "num_keypoints": 9, "num_stages": 3, "grasp_keypoints": [2, -1, -1], "release_keypoints": [-1, -1, 2]}