{"init_keypoint_positions": [[-0.2796633348222307, -0.3647036614713799, 1.1717165496832025], [-0.36799902967598264, -0.29876408638425295, 0.7954312465901072], [-0.2697260709810019, -0.2617770708684991, 0.9669540389287296], [-0.3082250298982324, -0.2607777266541147, 0.8619502650412149], [-0.35251053539988997, 0.10117349394577316, 0.7592391665564933], [-0.07356468720505416, 0.11062003886912064, 0.7096727426857403], [-0.2353029901191194, 0.11111614169053587, 0.8097159119462356], [-0.07927919430924424, 0.13085927834137487, 0.7997012840662668], [-0.23033753302574667, 0.13545039748024185, 0.7298479516379732], [-0.3712441791127358, 0.14259255875692206, 0.8110193426241671], [-0.37029747590711126, 0.16432578609609136, 0.7168335744656905], [-0.3582511756834653, 0.19045271294359944, 0.7983839710912392], [-0.2477848466952438, 0.19613615477559393, 0.6994302961008962], [-0.2664644465765661, 0.2118449761356762, 0.7965912957886481], [-0.31523660708215306, 0.21817334259646665, 0.6994394050523902]], "num_keypoints": 15, "num_stages": 4, "grasp_keypoints": [-1, 7, -1, -1], "release_keypoints": [-1, -1, -1, 7]}