{"init_keypoint_positions": [[-0.26216840862999846, -0.25997794176115296, 0.9249037806327363], [-0.36819476435865217, -0.29522501140179847, 0.7992930373974888], [-0.2737926002548612, 0.08051056264838582, 0.8097008206960662], [-0.26244751028700686, 0.09016245013412744, 0.7182823267960107], [-0.10771421330562056, 0.0986700818794243, 0.7311781848559622], [-0.0755615608419502, 0.1166246440828797, 0.7921285938525701], [-0.3700060767996532, 0.16939828406364285, 0.8058906077317716], [-0.33270088586023916, 0.21265647567444393, 0.7659145276852176], [-0.33270088586023916, 0.21265647567444393, 0.7659145276852176]], "num_keypoints": 9, "num_stages": 4, "grasp_keypoints": [-1, 4, -1, -1], "release_keypoints": [-1, -1, -1, 4]}