{"init_keypoint_positions": [[-0.2618964401111278, -0.2611344136144569, 0.8902529379289339], [-0.24274803656685956, 0.10900627944754993, 0.7112160742926552], [-0.03345638148570082, 0.09903317498509877, 0.7662006577217516], [-0.15757169085051695, 0.12870409327769586, 0.7341683011890257], [-0.3736435777208832, 0.13869341333733276, 0.8096925825680176], [-0.23311533139615778, 0.17585129252503282, 0.8097308864561381], [-0.2899319700798725, 0.21948207387374075, 0.7192288307551948]], "num_keypoints": 7, "num_stages": 3, "grasp_keypoints": [0, -1, -1], "release_keypoints": [-1, -1, 0]}