{"init_keypoint_positions": [[-0.27189632923429413, -0.2571715916418441, 0.9132569991876331], [-0.36827546634255875, -0.2961892716158749, 0.7945538369495136], [-0.28422862688099737, 0.07788673994047564, 0.8096978976821156], [-0.23170152118149978, 0.12961105184827462, 0.71708928757639], [-0.09186140817704377, 0.11381804745935212, 0.778805220898445], [-0.34771621343993764, 0.20241713659817226, 0.7602314276793328], [-0.2642065793626245, -0.29962706143330725, 0.8488482159246211], [-0.27865630865157853, -0.26851165486744916, 0.9879889428387956], [-0.05939384443573126, 0.11635300123813964, 0.7699148940876369], [-0.23023646209158, 0.13819212907609368, 0.7741687958650931], [-0.3698365777159158, 0.15898605407057484, 0.7804600654543479]], "num_keypoints": 11, "num_stages": 2, "grasp_keypoints": [9, -1], "release_keypoints": [-1, 9]}