{"init_keypoint_positions": [[-0.25407827124651067, -0.31505251875233914, 0.8287614557532541], [-0.2568618838471526, -0.31329462653056966, 0.9677585357157066], [-0.26103145918882414, -0.27697625049074415, 0.8544631546308326], [-0.3223441672640154, -0.2622776034302526, 0.8610215237543842], [-0.2847602365622309, -0.26181681041724775, 0.9981675458117651], [-0.267780385827438, -0.25820640765640696, 0.9432385265211956], [-0.09960145829728648, 0.08945536192328504, 0.7263544400239553], [-0.24658362851967697, 0.10106645815954665, 0.7342622194337878], [-0.05980683193262509, 0.12381679352026363, 0.7808369057470422], [-0.370749216286414, 0.1582480877557724, 0.7212378694829716], [-0.22867417234715726, 0.1590680426274839, 0.7819786416820439], [-0.3702108058561157, 0.16545200270482505, 0.8096991382612825], [-0.23542044176233556, 0.17762457647444005, 0.704353294872982], [-0.2512581893757215, 0.19928898424894567, 0.7521981049160527], [-0.31523660708215306, 0.21817334259646665, 0.6994394050523902]], "num_keypoints": 15, "num_stages": 4, "grasp_keypoints": [-1, 7, -1, -1], "release_keypoints": [-1, -1, -1, 7]}