{"init_keypoint_positions": [[-0.26662917677097864, -0.2572244705854987, 0.8977827152261817], [-0.27141722242086475, -0.2734793680296125, 0.827712589144843], [0.09164590566560468, -0.1730126270220411, 0.7073736523750922], [-0.14088648503858367, -0.12264167219768829, 0.7176484005113952], [0.09358739740110009, -0.05349941655477382, 0.7095676081676048], [-0.26945441742874604, 0.08538556159599757, 0.7174613322215019], [-0.3588037608348451, 0.18954993659730043, 0.7242495306939054], [-0.23313171024877802, 0.17441157471238325, 0.809730573461926], [-0.3587545909507188, 0.18957817616735126, 0.8015312980422]], "num_keypoints": 9, "num_stages": 3, "grasp_keypoints": [3, -1, -1], "release_keypoints": [-1, -1, 3]}