{"init_keypoint_positions": [[-0.368960714232769, -0.29024685722889915, 0.8145154850564024], [-0.2743191812376661, -0.27776845206624745, 1.138814025548908], [-0.37401315954907066, -0.2731968323202164, 0.9684323340433552], [-0.2871575885229797, -0.25726943874693536, 0.9110744866875002], [-0.32367891411038086, 0.08204474495555308, 0.7933723745628121], [-0.25227786269588026, 0.0957902406417514, 0.7760229805397352], [-0.3608527642725659, 0.1095552234871558, 0.7590665848106805], [-0.06346706136112068, 0.10985061525580231, 0.7749833601102649], [-0.23010080086298446, 0.13861241217639092, 0.7309333959037863], [-0.3712441791127358, 0.14259255875692206, 0.8110193426241671], [-0.2260942380599022, 0.15677430720398738, 0.8097281515986677], [-0.2477848466952438, 0.19613615477559393, 0.6994302961008962], [-0.25949075920490494, 0.21081695087572005, 0.8109175416828527], [-0.31523660708215306, 0.21817334259646665, 0.6994394050523902]], "num_keypoints": 14, "num_stages": 4, "grasp_keypoints": [-1, 0, -1, -1], "release_keypoints": [-1, -1, -1, 0]}