{"init_keypoint_positions": [[-0.32330822751772403, -0.25958323440284353, 0.8712059560545669], [-0.15165554912938917, -0.24123464065034492, 0.7084225725591161], [0.08962247325275888, -0.1753715266880332, 0.7050178928135227], [-0.14452928821815694, -0.16755924750540604, 0.7153516743871912], [0.09619636761458197, -0.05184040926252015, 0.7103347017451682], [-0.09255851157574502, 0.08855409385796541, 0.7821309917207433], [-0.3602320555365013, 0.18708539192946974, 0.7137429743298306], [-0.22742429234279393, 0.16690836531136405, 0.8097300460435678], [-0.27880878746582155, 0.2161088243890781, 0.7597410673081741]], "num_keypoints": 9, "num_stages": 3, "grasp_keypoints": [5, -1, -1], "release_keypoints": [-1, -1, 5]}