{"init_keypoint_positions": [[-0.3106335365683265, -0.2586498554507154, 0.9077032450872519], [-0.25628025456762604, -0.300462056326996, 0.7885474505362711], [-0.13865225051458047, -0.24372263036861327, 0.7088619627095366], [0.09276912893785136, -0.1711371337248139, 0.7082658584948476], [-0.1516165355925308, -0.07713903740572128, 0.7164875982127344], [0.09484375237009987, -0.051872761407054796, 0.7100982954793478], [-0.2612853233553265, 0.09095932057014051, 0.7259256275965753], [-0.35956287105226437, 0.18824499047811954, 0.7159200318107642], [-0.33346443362717904, 0.212149911473066, 0.8016294138971475], [-0.009270236120641373, 0.2087330480709946, 0.7847915210469663]], "num_keypoints": 10, "num_stages": 3, "grasp_keypoints": [9, -1, -1], "release_keypoints": [-1, -1, 9]}