{"init_keypoint_positions": [[-0.06795605077591468, 0.11987244686648837, 0.7959105306416462], [-0.07784599021939231, 0.09243375205415069, 0.716370211679886], [-0.23008038828440458, 0.14027876441174217, 0.774491407918214], [-0.28141314180336524, 0.21731685735749398, 0.703886545503627], [-0.24464914852192077, 0.10570453432658594, 0.7236287715240425], [-0.33275200241947406, 0.21263601572994584, 0.8090609597565412], [-0.3696578035022118, 0.1613787930756328, 0.7821633146439448], [-0.24660392537595266, 0.19591987981293188, 0.7464370914336533], [-0.25596358469170166, 0.09159595377252344, 0.8097071514344895], [-0.2650556193866023, -0.28337258660629194, 0.849454361836009], [-0.26563703479567363, -0.2573588104020465, 0.9141048547335968], [-0.30868180412928314, -0.25623546734509434, 0.9752229725348136], [-0.35036939158733704, -0.26629582555059905, 0.8572132155394674], [-0.3705464809443899, 0.1610138298214739, 0.716168516647927]], "num_keypoints": 14, "num_stages": 3, "grasp_keypoints": [0, -1, -1], "release_keypoints": [-1, -1, -1]}