{"init_keypoint_positions": [[-0.2850098568401671, -0.25547310287890934, 0.9097285502722354], [-0.27141590928556547, -0.2734757704584151, 0.8277192676575869], [0.09478970423174485, -0.2319064936912602, 0.7087494753655653], [-0.1524590962011994, -0.15859784450970596, 0.7129402215328627], [0.09297176033747598, -0.1318321448603086, 0.7088796568230513], [-0.041521080313395714, 0.10569901363320552, 0.7432045380734155], [-0.23506934563832815, 0.12226580656150719, 0.7610396409516199], [-0.36980099998230953, 0.16992279348471034, 0.7977744719836303]], "num_keypoints": 8, "num_stages": 3, "grasp_keypoints": [0, -1, -1], "release_keypoints": [-1, -1, 0]}