{"init_keypoint_positions": [[-0.3465047225238992, -0.26412691008620964, 0.8756702099878979], [-0.2737926002548612, 0.08051056264838582, 0.8097008206960662], [-0.3608527642725659, 0.1095552234871558, 0.7590665848106805], [-0.10418789077325313, 0.10320095777833554, 0.7432095328974199], [-0.07422504405398522, 0.10812374158210758, 0.7828623648689894], [-0.23170152118149978, 0.12961105184827462, 0.71708928757639], [-0.316778975790977, 0.21794155726604603, 0.7005416628066524], [-0.3335651583071161, 0.21208065436578383, 0.8064075633298412]], "num_keypoints": 8, "num_stages": 4, "grasp_keypoints": [-1, 3, -1, -1], "release_keypoints": [-1, -1, -1, 3]}