{"init_keypoint_positions": [[-0.26761532022605145, -0.25635546017903127, 0.9160815884159591], [-0.36819476435865217, -0.29522501140179847, 0.7992930373974888], [-0.2737926002548612, 0.08051056264838582, 0.8097008206960662], [-0.24102305786680583, 0.11198254463053808, 0.7253681717907836], [-0.08329297736074345, 0.10213105482089893, 0.766773919272053], [-0.3335651583071161, 0.21208065436578383, 0.8064075633298412], [-0.2569504522572415, -0.28911925331756705, 0.848675863107782], [-0.2808459680225455, -0.2657196104697163, 0.9856455349975759], [-0.06116427361634347, 0.1273187691895574, 0.7592356700947316], [-0.35137232777122474, 0.10092917348037836, 0.798051004627807], [-0.23023646209158, 0.13819212907609368, 0.7741687958650931]], "num_keypoints": 11, "num_stages": 5, "grasp_keypoints": [8, -1, -1, -1, -1], "release_keypoints": [-1, -1, -1, -1, 8]}