{"init_keypoint_positions": [[-0.26450280974865825, -0.25826898000087567, 0.9020727494333144], [-0.368415812747931, -0.29325506585080613, 0.8030764757130459], [-0.2737926002548612, 0.08051056264838582, 0.8097008206960662], [-0.26244751028700686, 0.09016245013412744, 0.7182823267960107], [-0.35868963929204256, 0.1069178286647785, 0.7658480417288325], [-0.08704584211064864, 0.11542343320266182, 0.7852794818007073], [-0.364387232663809, 0.17984346327963335, 0.776046523794835], [-0.2863486935567715, 0.2183670655048522, 0.7108846537234962], [-0.2945365103005333, 0.2231846176419325, 0.8097283743049788], [-0.2642065793626245, -0.29962706143330725, 0.8488482159246211], [-0.2801100350872022, -0.26657544652759374, 0.986835047084223], [-0.2670500110781365, 0.0865905593297812, 0.7210783201238078], [-0.05859579570728907, 0.12423594461688597, 0.7652319459600135], [-0.34625765757896476, 0.09618690408135436, 0.7973487492059967], [-0.2299920195238302, 0.14145271623072161, 0.7735000788412574], [-0.3159022766453763, 0.2181485605505819, 0.8080090884880704]], "num_keypoints": 16, "num_stages": 3, "grasp_keypoints": [5, -1, -1], "release_keypoints": [-1, -1, 5]}