{"init_keypoint_positions": [[-0.32330822751772403, -0.25958323440284353, 0.8712059560545669], [0.08801550155046181, -0.17328690564643537, 0.7016448833519568], [-0.1492652774948416, -0.15972365633284022, 0.7145116606781476], [0.09619636761458197, -0.05184040926252015, 0.7103347017451682], [-0.26244748383828514, 0.09016243009248011, 0.7182825036121558], [-0.09285215577758174, 0.08969625552578606, 0.7846146296625575], [-0.3601270165978728, 0.1872625728577855, 0.7199833002162992], [-0.2274079364838927, 0.16834577929492994, 0.8097304189407812], [-0.27880878746582155, 0.2161088243890781, 0.7597410673081741]], "num_keypoints": 9, "num_stages": 3, "grasp_keypoints": [5, -1, -1], "release_keypoints": [-1, -1, 5]}