{"init_keypoint_positions": [[-0.27372732815440226, -0.2583384280180289, 0.8764430576698699], [-0.3086188626780568, -0.30275340056130157, 0.7079269691747565], [0.0926960025587091, -0.18530486587586856, 0.7080448298944876], [-0.15389639629810992, -0.15764040460794848, 0.7042120407543677], [0.09484525776831829, -0.05187315791863853, 0.7100945005138458], [-0.26449619670949676, 0.08876516606493554, 0.7161335549329915], [-0.3595611865032998, 0.18824350139405344, 0.7159256782564332], [-0.36922937378217546, 0.17143666758547052, 0.803652911019778]], "num_keypoints": 8, "num_stages": 3, "grasp_keypoints": [3, -1, -1], "release_keypoints": [-1, -1, 3]}