{"init_keypoint_positions": [[-0.2642065793626245, -0.29962706143330725, 0.8488482159246211], [-0.36805753943780406, -0.29650392059205033, 0.799725155517262], [-0.28156398372453806, -0.26506127535666285, 0.9832214611668785], [-0.2646558614198077, -0.25789997682687577, 0.9130504291423978], [-0.099317888419967, 0.08818313622453003, 0.7234233783853367], [-0.24586037282803147, 0.10232105714583489, 0.7347441213158747], [-0.05950816135602366, 0.1297407158213598, 0.7907445135524684], [-0.22212244962828132, 0.14875332724737214, 0.8094160492429121], [-0.3702108058561157, 0.16545200270482505, 0.8096991382612825], [-0.2478218259709687, 0.19704930964939493, 0.746120702876771], [-0.3335742047389445, 0.21206000596468436, 0.7628432786542392], [-0.28141314180336524, 0.21731685735749398, 0.703886545503627]], "num_keypoints": 12, "num_stages": 4, "grasp_keypoints": [-1, 4, -1, -1], "release_keypoints": [-1, -1, -1, 4]}