{"init_keypoint_positions": [[-0.2568618838471526, -0.31329462653056966, 0.9677585357157066], [-0.3688814320789793, -0.2909002479555146, 0.8104624991540683], [-0.2580930697567234, -0.28454269623445855, 0.8313583465416714], [-0.2837136002386746, -0.26283517185266897, 0.9968707512056076], [-0.328952726574264, -0.2603802087835425, 0.9135109266967799], [-0.26643465426009044, -0.259072440167286, 0.8988129899538045], [-0.267780385827438, -0.25820640765640696, 0.9432385265211956], [-0.1043088241094593, 0.09269695536948572, 0.7271641955427618], [-0.24586037282803147, 0.10232105714583489, 0.7347441213158747], [-0.35603420910138306, 0.1044190546147578, 0.7477383122335219], [-0.23672187778546555, 0.11405195474338742, 0.8097162393869153], [-0.06795605077591468, 0.11987244686648837, 0.7959105306416462], [-0.22773803319878372, 0.15939183886418995, 0.8101080388228887], [-0.3705920054983707, 0.16048038026202666, 0.7103459953535045], [-0.3582511756834653, 0.19045271294359944, 0.7983839710912392], [-0.24760027431907766, 0.19684383487264775, 0.7473971411328294], [-0.28141314180336524, 0.21731685735749398, 0.703886545503627]], "num_keypoints": 17, "num_stages": 4, "grasp_keypoints": [-1, 8, -1, -1], "release_keypoints": [-1, -1, -1, 8]}