{"init_keypoint_positions": [[-0.27112076069633884, -0.3174506527967027, 1.0761277477431448], [-0.42554857241606936, -0.2892802902908923, 1.1477731077520266], [-0.3791129862928385, -0.2715329964667501, 0.9084832443679801], [-0.3223441672640154, -0.2622776034302526, 0.8610215237543842], [-0.291810911013203, -0.2583450931826654, 0.9786033888593286], [-0.35405581273057696, 0.10258601288215832, 0.7487008582535101], [-0.23531937736349032, 0.1096757642179004, 0.8097155991129531], [-0.06218815761822183, 0.11029034971835688, 0.7700400397563277], [-0.23010086089367288, 0.13859903208347274, 0.7274611869646634], [-0.3712441791127358, 0.14259255875692206, 0.8110193426241671], [-0.3606107334076868, 0.18637177642207212, 0.7916362558890035], [-0.2477848466952438, 0.19613615477559393, 0.6994302961008962], [-0.2664644465765661, 0.2118449761356762, 0.7965912957886481], [-0.31662029405344244, 0.21798579656819747, 0.7237493574164515]], "num_keypoints": 14, "num_stages": 4, "grasp_keypoints": [-1, 6, -1, -1], "release_keypoints": [-1, -1, -1, 6]}