{"init_keypoint_positions": [[-0.30835763156631574, -0.2566155054392823, 0.910928028182716], [-0.36833226962880417, -0.2939442590889131, 0.7988600613534022], [-0.2644960352638772, 0.08876504853915931, 0.7161346154047991], [-0.2737926002548612, 0.08051056264838582, 0.8097008206960662], [-0.3608527642725659, 0.1095552234871558, 0.7590665848106805], [-0.10549041722129135, 0.10509730678564522, 0.7411744927391747], [-0.07422504405398522, 0.10812374158210758, 0.7828623648689894], [-0.31523660708215306, 0.21817334259646665, 0.6994394050523902], [-0.3335651583071161, 0.21208065436578383, 0.8064075633298412]], "num_keypoints": 9, "num_stages": 3, "grasp_keypoints": [5, -1, -1], "release_keypoints": [-1, -1, 5]}