{"init_keypoint_positions": [[-0.27189632923429413, -0.2571715916418441, 0.9132569991876331], [-0.36804927359507833, -0.298204642994553, 0.7906645480954457], [-0.2737926002548612, 0.08051056264838582, 0.8097008206960662], [-0.26244751028700686, 0.09016245013412744, 0.7182823267960107], [-0.0999281104342562, 0.11557991675431963, 0.7613592467534798], [-0.37137002938816105, 0.1499930642706049, 0.7195939756781262], [-0.3700060767996532, 0.16939828406364285, 0.8058906077317716], [-0.31523660708215306, 0.21817334259646665, 0.6994394050523902], [-0.332644012462735, 0.21270805095946624, 0.8043310281850747]], "num_keypoints": 9, "num_stages": 3, "grasp_keypoints": [4, -1, -1], "release_keypoints": [-1, -1, 4]}