{"init_keypoint_positions": [[-0.26581485251438336, -0.2595256876765187, 0.8957879744549719], [-0.36925442325917923, -0.28773882638644793, 0.822042465994754], [0.09020476942199276, -0.14145558982424353, 0.70824974219726], [-0.13714555471696602, -0.08194492205089457, 0.7161113209611176], [0.09110442785100034, -0.03164234869455036, 0.7091315253254417], [-0.35591627826001204, 0.19561997969200562, 0.7391946290714027], [-0.359671236673183, 0.189083993668982, 0.8034335013844286]], "num_keypoints": 7, "num_stages": 3, "grasp_keypoints": [0, -1, -1], "release_keypoints": [-1, -1, 0]}