{"init_keypoint_positions": [[-0.36833226962880417, -0.2939442590889131, 0.7988600613534022], [-0.2567662880630293, -0.2908211055736191, 0.8486219408008688], [-0.2807345303450634, -0.26584159189106177, 0.9844051407037121], [-0.3587950259466012, -0.26372164653272007, 0.8898489786622406], [-0.2654964841760713, -0.2576850928454048, 0.9032229485306649], [-0.07572857967432634, 0.09468833925989623, 0.7163668286650247], [-0.2458711772807639, 0.10358556628996168, 0.7273794023942253], [-0.05950816135602366, 0.1297407158213598, 0.7907445135524684], [-0.22924360329053645, 0.151512167131709, 0.7933682380364256], [-0.370873072275284, 0.15660040538280834, 0.7209099294106877], [-0.3700232627693074, 0.16789462599532518, 0.8058903093547339], [-0.24853483562052242, 0.1967785235235509, 0.7603412522009975], [-0.28141314180336524, 0.21731685735749398, 0.703886545503627], [-0.3086211405274639, 0.21925392142521427, 0.803715991413087]], "num_keypoints": 14, "num_stages": 4, "grasp_keypoints": [-1, 5, -1, -1], "release_keypoints": [-1, -1, -1, 5]}