{"init_keypoint_positions": [[-0.2646558614198077, -0.25789997682687577, 0.9130504291423978], [-0.36819476435865217, -0.29522501140179847, 0.7992930373974888], [-0.2644960352638772, 0.08876504853915931, 0.7161346154047991], [-0.2737926002548612, 0.08051056264838582, 0.8097008206960662], [-0.099317888419967, 0.08818313622453003, 0.7234233783853367], [-0.07422504405398522, 0.10812374158210758, 0.7828623648689894], [-0.3700060767996532, 0.16939828406364285, 0.8058906077317716], [-0.31523660708215306, 0.21817334259646665, 0.6994394050523902], [-0.33270088586023916, 0.21265647567444393, 0.7659145276852176]], "num_keypoints": 9, "num_stages": 4, "grasp_keypoints": [-1, 4, -1, -1], "release_keypoints": [-1, -1, -1, 4]}