{"init_keypoint_positions": [[-0.3107213255777804, -0.2591715664686066, 0.8628022003283607], [-0.36819476435865217, -0.29522501140179847, 0.7992930373974888], [-0.2737926002548612, 0.08051056264838582, 0.8097008206960662], [-0.26244751028700686, 0.09016245013412744, 0.7182823267960107], [-0.08466939858959646, 0.1022481904938945, 0.7662990972867243], [-0.3335651583071161, 0.21208065436578383, 0.8064075633298412], [-0.2572861234154005, -0.28596837918890056, 0.847341188594555], [-0.2817859347422397, -0.26481825880385457, 0.9857062467079007], [-0.06131592200337638, 0.1280295228822781, 0.7593087800535276], [-0.35137232777122474, 0.10092917348037836, 0.798051004627807], [-0.2303251158916645, 0.13701433380688882, 0.7751627883996746], [-0.27047149261208514, 0.21395751811305266, 0.7268065845605741]], "num_keypoints": 12, "num_stages": 4, "grasp_keypoints": [4, -1, -1, -1], "release_keypoints": [-1, -1, -1, 4]}