{"init_keypoint_positions": [[-0.2670126850374, -0.25706853760225074, 0.8959407565901407], [-0.27342140915423035, -0.2737507031208092, 0.8247697595503899], [0.0927692046339246, -0.1711371887779817, 0.7082656656023497], [-0.13614407037335188, -0.14820077420627598, 0.7130483761740904], [0.09619652161327016, -0.051840449596030624, 0.7103343156748122], [-0.26128347230947535, 0.09095788551311952, 0.7259380047276727], [-0.360266510357256, 0.18700003883862373, 0.7475810078576778], [-0.01951080432776464, 0.1852922461370791, 0.7338874070678715], [-0.012684531444936004, 0.20347807177560795, 0.8666019999776795]], "num_keypoints": 9, "num_stages": 3, "grasp_keypoints": [7, -1, -1], "release_keypoints": [-1, -1, 7]}