{"init_keypoint_positions": [[-0.06795605077591468, 0.11987244686648837, 0.7959105306416462], [-0.10918010285376684, 0.10196928574197309, 0.7306540397869554], [-0.3686201223108171, 0.17249163781081267, 0.8052886013869537], [-0.3111988354597315, -0.2586204202944867, 0.9099403178882304], [-0.22903346108690015, 0.15260429547083057, 0.8097266083999838], [-0.23170152118149978, 0.12961105184827462, 0.71708928757639], [-0.26146508301061255, 0.208686284138581, 0.7158774147738254], [-0.313690356824591, 0.21840567713095776, 0.6983344912114665], [-0.36791020416616793, -0.2994996450473095, 0.7911095014470463]], "num_keypoints": 9, "num_stages": 3, "grasp_keypoints": [0, -1, -1], "release_keypoints": [-1, -1, 0]}