{"init_keypoint_positions": [[-0.36201065711421, -0.26466303331334967, 0.8885976780900323], [-0.2996707875343325, -0.2581450120053739, 0.8682478950066045], [-0.2576808274520812, -0.28606808823319113, 0.8074118830382674], [-0.14759490243849266, 0.09777735557870029, 0.7592288313962264], [-0.24274803656685956, 0.10900627944754993, 0.7112160742926552], [-0.04013953594129996, 0.09614986570682502, 0.777713738616679], [-0.37366069329106755, 0.13719809034547376, 0.8096922273936263], [-0.06397408984614211, 0.17224416527547246, 0.7007046166913238], [-0.25975607493965563, 0.20716539488624428, 0.7488393843194566]], "num_keypoints": 9, "num_stages": 3, "grasp_keypoints": [5, -1, -1], "release_keypoints": [-1, -1, 5]}