{"init_keypoint_positions": [[-0.33314222481083655, -0.26138102134384306, 0.9017070722318486], [-0.2574727481620961, -0.29018152355490806, 0.7996206852102696], [-0.1203807049670346, 0.03068856925383444, 0.7236032181537472], [-0.3355398822555977, 0.08522567421819643, 0.8096884303665873], [-0.23540166817322866, 0.12172443055878757, 0.714837122221579], [-0.23383608600098388, 0.11250206293257833, 0.8097165821872827], [-0.37218591644515675, 0.1390790556299874, 0.7229853656798674], [-0.03940663619174897, 0.13948741535192874, 0.7026978049303488], [-0.15155277103950215, 0.143064819660728, 0.7562791881953963], [-0.10242985285775325, 0.17270926391090693, 0.6996716692071894], [-0.06329897240091151, 0.15677618191153878, 0.770820170342076], [-0.2554919107985748, 0.20322210223688345, 0.7558800908557731], [-0.3095285725623707, 0.21905518133045962, 0.7244378428331243]], "num_keypoints": 13, "num_stages": 3, "grasp_keypoints": [10, -1, -1], "release_keypoints": [-1, -1, 10]}