{"init_keypoint_positions": [[-0.32089665490040176, -0.2620765022079473, 0.8612060676573048], [-0.29324245664763604, 0.07374455835025104, 0.8096950915828904], [-0.24244201772069132, 0.10950606307555986, 0.7537859564631765], [-0.038280485211236365, 0.10581346135641137, 0.7416885066422108], [-0.13486297710315232, 0.1143634465285204, 0.748565225576265], [-0.36894446363633626, 0.17193874947520563, 0.7956687559249882]], "num_keypoints": 6, "num_stages": 3, "grasp_keypoints": [3, -1, -1], "release_keypoints": [-1, -1, 3]}