{"init_keypoint_positions": [[-0.2525187479840787, -0.32568472798843, 0.934539331397328], [-0.2542357815725818, -0.3120051491477802, 0.8348233596316192], [-0.2633484922368593, -0.26097662382201414, 0.9630523184464136], [-0.3222671405825611, -0.2597862635270276, 0.8657129820109083], [-0.3076965863576, -0.2475121395303817, 1.0273135104694218], [-0.09960145829728648, 0.08945536192328504, 0.7263544400239553], [-0.24586037282803147, 0.10232105714583489, 0.7347441213158747], [-0.06914640185103202, 0.11870981927458724, 0.7948348284442003], [-0.3721854552529159, 0.13907878255734288, 0.7229868013745214], [-0.22760413566018745, 0.15109651266625296, 0.8097265961426384], [-0.3696578035022118, 0.1613787930756328, 0.7821633146439448], [-0.23286325153548776, 0.1710971292901445, 0.7371628757541995], [-0.3315990674311988, 0.21341818453729086, 0.7974007953199629], [-0.31523660708215306, 0.21817334259646665, 0.6994394050523902]], "num_keypoints": 14, "num_stages": 4, "grasp_keypoints": [-1, 6, -1, -1], "release_keypoints": [-1, -1, -1, 6]}