{"init_keypoint_positions": [[-0.261737922040492, -0.2618025445717908, 0.8778251397679979], [-0.25602924522062614, -0.3010219919206525, 0.7902533244733424], [-0.2913710706293311, -0.28833935772323266, 0.7327034235375789], [-0.1465925762417873, -0.2126560921730206, 0.7134333477602367], [-0.2844657798965632, -0.201800400136571, 0.7282650117809403], [0.09519413873802521, -0.16596497448841918, 0.709606687096978], [-0.14037528484969525, -0.0768137722325965, 0.7178637333365522], [0.09756383059887244, -0.051812482919987274, 0.7105288462319718], [-0.2612838954056699, 0.0909582135261529, 0.7259351756691361], [-0.3594631657222698, 0.1884100126692671, 0.7221235856412788], [-0.23314808193110967, 0.17297183845105615, 0.8097303196428747]], "num_keypoints": 11, "num_stages": 3, "grasp_keypoints": [0, -1, -1], "release_keypoints": [-1, -1, 0]}