{"init_keypoint_positions": [[-0.3241380497255326, -0.26132404217970207, 0.872970574284513], [-0.13034594193700866, -0.21613571115860503, 0.7108952920411653], [0.09160952940829384, -0.18406694878639826, 0.7071476650161912], [-0.147445745465988, -0.14514034032156517, 0.7133752088960215], [-0.1323816894355929, -0.08341661431242053, 0.7167912050477313], [0.09619657294616615, -0.05184046304053411, 0.7103341869846935], [-0.26945441742874604, 0.08538556159599757, 0.7174613322215019], [-0.3588037608348451, 0.18954993659730043, 0.7242495306939054], [-0.23456551230124498, 0.17593105780834614, 0.8097305810145344], [-0.3587545909507188, 0.18957817616735126, 0.8015312980422]], "num_keypoints": 10, "num_stages": 3, "grasp_keypoints": [1, -1, -1], "release_keypoints": [-1, -1, 1]}