{"init_keypoint_positions": [[-0.30685992702490944, -0.2583847680275295, 0.907649173341161], [-0.35992375545629984, -0.2659587566110052, 0.8836612288795678], [-0.36827546634255875, -0.2961892716158749, 0.7945538369495136], [-0.2710437114940053, 0.08430495738096935, 0.728534973955477], [-0.2737926002548612, 0.08051056264838582, 0.8097008206960662], [-0.10918010285376684, 0.10196928574197309, 0.7306540397869554], [-0.08477454054932387, 0.13020104434596277, 0.7902704400937641], [-0.3702108058561157, 0.16545200270482505, 0.8096991382612825], [-0.3325844392913221, 0.21273409961071146, 0.7604576166645415], [-0.3335651583071161, 0.21208065436578383, 0.8064075633298412]], "num_keypoints": 10, "num_stages": 3, "grasp_keypoints": [5, -1, -1], "release_keypoints": [-1, -1, 5]}