{"init_keypoint_positions": [[-0.2521774336550241, -0.3129912280819492, 0.9051336559785008], [-0.365916197186381, -0.31154091717350446, 0.8158257715587448], [-0.2805145544511694, -0.2660337732926184, 0.9836950415728285], [-0.3223441672640154, -0.2622776034302526, 0.8610215237543842], [-0.08852760005670976, 0.09707277121731567, 0.7502608056631876], [-0.25055916059979993, 0.09788531625445614, 0.7069907232319382], [-0.2429533365997134, 0.10742802961637092, 0.7803119572815275], [-0.3608527642725659, 0.1095552234871558, 0.7590665848106805], [-0.060763933115213, 0.12509098723810524, 0.7940858598061443], [-0.22194928400733777, 0.1633183936547976, 0.8100675730908338], [-0.23561904555112673, 0.17814216097295255, 0.7506996907859514], [-0.3606115595196866, 0.1873375206167893, 0.809706074117869], [-0.3336817983344929, 0.2119884747776996, 0.7682605108640235]], "num_keypoints": 13, "num_stages": 4, "grasp_keypoints": [-1, 5, -1, -1], "release_keypoints": [-1, -1, -1, 5]}