{"init_keypoint_positions": [[-0.257444960058395, -0.27030718203773196, 0.9072759090893502], [-0.2644960352638772, 0.08876504853915931, 0.7161346154047991], [-0.10780448570581133, 0.11720523706606864, 0.7345357118334608], [-0.08010124974282348, 0.13302746396497808, 0.7962502291263097], [-0.22737523142699154, 0.17122061728580734, 0.8097311054658526]], "num_keypoints": 5, "num_stages": 3, "grasp_keypoints": [2, -1, -1], "release_keypoints": [-1, -1, 2]}