{"init_keypoint_positions": [[-0.29750175312630067, -0.258015355706936, 0.9005929191307173], [-0.26867244241876026, -0.2749757807333756, 0.8271721905945782], [-0.13034594193700866, -0.21613571115860503, 0.7108952920411653], [0.0916147563259472, -0.18248731746139352, 0.7071798846372552], [-0.13769205500653525, -0.12421739782226635, 0.7175883919916356], [0.09619657294616615, -0.05184046304053411, 0.7103341869846935], [-0.26945441742874604, 0.08538556159599757, 0.7174613322215019], [-0.3588037608348451, 0.18954993659730043, 0.7242495306939054], [-0.22739158064930276, 0.1697831911357153, 0.8097307918380573], [-0.2788101990103473, 0.21611130852493063, 0.7597335098522828]], "num_keypoints": 10, "num_stages": 3, "grasp_keypoints": [2, -1, -1], "release_keypoints": [-1, -1, 2]}