{"init_keypoint_positions": [[-0.26415122985647244, -0.25846589098460077, 0.9037861784308868], [-0.36810914543832074, -0.29593263295129046, 0.795022877820799], [-0.2644960352638772, 0.08876504853915931, 0.7161346154047991], [-0.2737926002548612, 0.08051056264838582, 0.8097008206960662], [-0.10222404745300595, 0.11520032046645101, 0.7550218277478888], [-0.364387232663809, 0.17984346327963335, 0.776046523794835], [-0.31399319297199746, 0.21838550174002846, 0.7275194938225683], [-0.2598913060982189, -0.293954089384556, 0.972377522469132], [-0.3498228411398667, -0.263524201601392, 0.8711842720677621], [-0.06547904579515756, 0.12124918915904125, 0.7425654236619129], [-0.34625765757896476, 0.09618690408135436, 0.7973487492059967], [-0.23602667752834333, 0.11939152407597328, 0.7624817609811435], [-0.3696721039382601, 0.16119194394421446, 0.7835712654684448], [-0.24715875953601507, 0.19643449486824294, 0.7499399750802889]], "num_keypoints": 14, "num_stages": 4, "grasp_keypoints": [9, -1, -1, -1], "release_keypoints": [-1, -1, -1, 9]}