{"init_keypoint_positions": [[-0.26350936287571775, -0.30086478827787566, 0.8488725998995179], [-0.36833226962880417, -0.2939442590889131, 0.7988600613534022], [-0.3587950259466012, -0.26372164653272007, 0.8898489786622406], [-0.3137441600859726, -0.2569308838109052, 0.9743534877903943], [-0.3077858520721595, -0.25664460306345477, 0.9086874709087784], [-0.26437406378895795, 0.08841834276487555, 0.7196681435926116], [-0.09065111578928203, 0.08884329594242527, 0.7293306858664502], [-0.34612926469415517, 0.09606799553833004, 0.7987705545517682], [-0.06914640185103202, 0.11870981927458724, 0.7948348284442003], [-0.2303251158916645, 0.13701433380688882, 0.7751627883996746], [-0.370873072275284, 0.15660040538280834, 0.7209099294106877], [-0.3702108058561157, 0.16545200270482505, 0.8096991382612825], [-0.24704485261812809, 0.19632872943191257, 0.743879519301494], [-0.33335967389314614, 0.21221752325606283, 0.7967811354181626], [-0.31547404079149277, 0.2181630113234633, 0.7285428486122363]], "num_keypoints": 15, "num_stages": 4, "grasp_keypoints": [-1, 5, -1, -1], "release_keypoints": [-1, -1, -1, 5]}