{"init_keypoint_positions": [[-0.2959610820061713, -0.2559985769809226, 0.9060784462032294], [0.0880120700818777, -0.17168567548177754, 0.701700994066987], [-0.13098776890894506, -0.151353533833419, 0.7065856445583046], [-0.13191517277836232, 0.07598868694511687, 0.742237679467208], [-0.041521080313395714, 0.10569901363320552, 0.7432045380734155], [-0.23525376921654287, 0.11543717915646814, 0.8097173236569504]], "num_keypoints": 6, "num_stages": 3, "grasp_keypoints": [0, -1, -1], "release_keypoints": [-1, -1, 0]}