{"init_keypoint_positions": [[-0.30835763156631574, -0.2566155054392823, 0.910928028182716], [-0.36810914543832074, -0.29593263295129046, 0.795022877820799], [-0.2737926002548612, 0.08051056264838582, 0.8097008206960662], [-0.26244751028700686, 0.09016245013412744, 0.7182823267960107], [-0.07422504405398522, 0.10812374158210758, 0.7828623648689894], [-0.3335651583071161, 0.21208065436578383, 0.8064075633298412], [-0.25783574560900463, -0.2808877418077795, 0.8475054232384073], [-0.31677944774276234, -0.24790318140137968, 1.0397497684786199], [-0.06078196774409694, 0.12727765555119058, 0.760324310889934], [-0.35137232777122474, 0.10092917348037836, 0.798051004627807], [-0.2303251158916645, 0.13701433380688882, 0.7751627883996746]], "num_keypoints": 11, "num_stages": 5, "grasp_keypoints": [4, -1, -1, -1, -1], "release_keypoints": [-1, -1, -1, -1, 4]}