{"init_keypoint_positions": [[-0.3232646611867309, -0.26107353401954286, 0.8757333026738846], [-0.24469555137326635, 0.10561476023817797, 0.7364324646146897], [-0.07561645504498901, 0.10817663814316278, 0.7828511490688297], [-0.35883583468366365, 0.1894414698429604, 0.7967120017766853], [-0.2598270380053264, 0.20720994534761988, 0.7377938144908217]], "num_keypoints": 5, "num_stages": 3, "grasp_keypoints": [2, -1, -1], "release_keypoints": [-1, -1, 2]}