{"init_keypoint_positions": [[-0.1905142251154193, -0.3125016036332547, 0.7543652701127891], [-0.321402853358678, -0.2595591576513866, 0.8685213701635187], [-0.15117075398345486, -0.1959760799457561, 0.7095470209983279], [-0.361524574412459, 0.11113783695000518, 0.7240430024053306], [-0.08820763134239942, 0.14267042288181517, 0.7135571572781436], [-0.3581495287205795, 0.1906831165105312, 0.7263587164566158], [-0.23458189124991488, 0.17449074774959267, 0.8097303273302945], [0.018855685872376543, 0.23602562796443202, 0.7190850584084298]], "num_keypoints": 8, "num_stages": 3, "grasp_keypoints": [4, -1, -1], "release_keypoints": [-1, -1, 4]}