{"init_keypoint_positions": [[-0.3227876792465082, -0.2596795525235988, 0.8684819188414907], [0.09645958928745416, -0.16578872355381855, 0.71006260455079], [-0.13271265588562625, -0.14565479746607976, 0.7096781711719989], [0.09619631628168587, -0.05184039581801664, 0.7103348304352869], [-0.041521080313395714, 0.10569901363320552, 0.7432045380734155], [-0.23385800816317015, 0.12436590875928653, 0.7576675066699563], [-0.27400449059489873, 0.21464014177186366, 0.7683704004342801]], "num_keypoints": 7, "num_stages": 3, "grasp_keypoints": [0, -1, -1], "release_keypoints": [-1, -1, 0]}