{"init_keypoint_positions": [[-0.2626657265252482, -0.2722185119634179, 0.84449009840053], [-0.23867542864876284, 0.11604569934285341, 0.7307962632895014], [-0.06857581560350093, 0.13071956144766814, 0.7382868327885329], [-0.370639089225387, 0.15993828162496476, 0.704420664505195], [-0.3606114994102374, 0.187337468047238, 0.8097062456226692]], "num_keypoints": 5, "num_stages": 3, "grasp_keypoints": [2, -1, -1], "release_keypoints": [-1, -1, 2]}