{"init_keypoint_positions": [[-0.27189632923429413, -0.2571715916418441, 0.9132569991876331], [-0.36799902967598264, -0.29876408638425295, 0.7954312465901072], [-0.25594709250571435, 0.09304446096327668, 0.8097074620470497], [-0.1078414985919072, 0.1000491278962311, 0.732775042616377], [-0.24341370699253262, 0.10784683136233833, 0.7198366941706255], [-0.3616461676128768, 0.11156649548373213, 0.756542588882882], [-0.08807981572466025, 0.11308154556547709, 0.7822939766592125], [-0.3686201223108171, 0.17249163781081267, 0.8052886013869537], [-0.313690356824591, 0.21840567713095776, 0.6983344912114665], [-0.2655803810637336, 0.21196710916405895, 0.711185383877432]], "num_keypoints": 10, "num_stages": 3, "grasp_keypoints": [3, -1, -1], "release_keypoints": [-1, -1, 3]}