{"init_keypoint_positions": [[-0.2667645230632425, -0.3445360523595178, 1.093273936667631], [-0.3222671405825611, -0.2597862635270276, 0.8657129820109083], [-0.27346839378481225, -0.25951855229883247, 0.8618350709053443], [-0.30293902836557673, -0.24999716747436773, 1.0222834374322778], [-0.32363203009636854, 0.08202958063029203, 0.789841636140621], [-0.26244751028700686, 0.09016245013412744, 0.7182823267960107], [-0.2524813424488641, 0.095649661375106, 0.7724055428546488], [-0.08820697370108263, 0.09588598279558969, 0.7475544954701563], [-0.349240054623727, 0.0980727264402903, 0.7264742157940318], [-0.35692530665538136, 0.10519879906564966, 0.7713011715418603], [-0.07152266989273737, 0.11639063574031983, 0.7925423020319645], [-0.3718068298622669, 0.16254114473068657, 0.8096980512231357], [-0.3612869304745282, 0.1829060026507362, 0.7437626237400168], [-0.263406138117935, 0.21062400679917653, 0.7646944260553161], [-0.31559182022791854, 0.21812519341908101, 0.705680182668913]], "num_keypoints": 15, "num_stages": 4, "grasp_keypoints": [-1, 7, -1, -1], "release_keypoints": [-1, -1, -1, 7]}