{"init_keypoint_positions": [[-0.3223441672640154, -0.2622776034302526, 0.8610215237543842], [-0.2737926002548612, 0.08051056264838582, 0.8097008206960662], [-0.26244751028700686, 0.09016245013412744, 0.7182823267960107], [-0.09751817148114797, 0.08679867103265858, 0.7209756793415508], [-0.07561645504498901, 0.10817663814316278, 0.7828511490688297], [-0.3700060767996532, 0.16939828406364285, 0.8058906077317716], [-0.31628349063967753, 0.21803142983923784, 0.7178323266609423], [-0.33270088586023916, 0.21265647567444393, 0.7659145276852176]], "num_keypoints": 8, "num_stages": 4, "grasp_keypoints": [-1, 3, -1, -1], "release_keypoints": [-1, -1, -1, 3]}