{"init_keypoint_positions": [[-0.2543040193877278, -0.31301497333019956, 0.8303261511002163], [-0.36791020416616793, -0.2994996450473095, 0.7911095014470463], [-0.3494620705306408, -0.2652197227335738, 0.8711639500393283], [-0.2817321283580562, -0.2647503438398806, 0.9955050954643732], [-0.29329064619889655, -0.25792616515613487, 0.9507629844499255], [-0.08932567889935805, 0.09479417703681386, 0.7443610659132597], [-0.24586037282803147, 0.10232105714583489, 0.7347441213158747], [-0.3616461676128768, 0.11156649548373213, 0.756542588882882], [-0.23331587881909743, 0.12411386136692423, 0.7936810817456881], [-0.05950816135602366, 0.1297407158213598, 0.7907445135524684], [-0.3705464809443899, 0.1610138298214739, 0.716168516647927], [-0.3696578035022118, 0.1613787930756328, 0.7821633146439448], [-0.24616530809802178, 0.19551318553906866, 0.7489811765866953], [-0.3325342681192007, 0.21278126292187488, 0.799524089316104], [-0.28141314180336524, 0.21731685735749398, 0.703886545503627]], "num_keypoints": 15, "num_stages": 4, "grasp_keypoints": [-1, 8, -1, -1], "release_keypoints": [-1, -1, -1, 8]}