{"init_keypoint_positions": [[-0.3003115135972786, -0.256263753104143, 0.9040600351491385], [-0.36833226962880417, -0.2939442590889131, 0.7988600613534022], [-0.2644960352638772, 0.08876504853915931, 0.7161346154047991], [-0.2737926002548612, 0.08051056264838582, 0.8097008206960662], [-0.07422504405398522, 0.10812374158210758, 0.7828623648689894], [-0.3335651583071161, 0.21208065436578383, 0.8064075633298412], [-0.25968352408968, -0.29467657785037055, 0.8524498065007599], [-0.28363037799014823, -0.261265807226791, 0.9857550120846028], [-0.06116427361634347, 0.1273187691895574, 0.7592356700947316], [-0.37110791546394306, 0.14205415859555026, 0.7886570076681662], [-0.22897392887622303, 0.15506670631335107, 0.781379715146932], [-0.31662857407653533, 0.21803853318939165, 0.8090589104578404]], "num_keypoints": 12, "num_stages": 2, "grasp_keypoints": [4, -1], "release_keypoints": [-1, 4]}