{"init_keypoint_positions": [[-0.4230062717662483, -0.2945223661090355, 1.1875796375273837], [-0.36942090350980716, -0.2844016398062827, 0.8256089862216192], [-0.2743191812376661, -0.27776845206624745, 1.138814025548908], [-0.28575954951047977, -0.260909895612226, 0.8625271783359245], [-0.2616275716889552, -0.26051343437985547, 0.9102210636864414], [-0.33421619196768115, -0.25129398636319156, 1.0141425696252724], [-0.2654023860710353, 0.08681769722729582, 0.764878863880458], [-0.25596358469170166, 0.09159595377252344, 0.8097071514344895], [-0.07561645504498901, 0.10817663814316278, 0.7828511490688297], [-0.3616461676128768, 0.11156649548373213, 0.756542588882882], [-0.2303369281850799, 0.1354841472433156, 0.736781871668815], [-0.370873072275284, 0.15660040538280834, 0.7209099294106877], [-0.36221173521533856, 0.18134027645703732, 0.7968006461021473], [-0.2420950838410546, 0.19086126291142802, 0.7810466810634926], [-0.2598270380053264, 0.20720994534761988, 0.7377938144908217], [-0.31523660708215306, 0.21817334259646665, 0.6994394050523902]], "num_keypoints": 16, "num_stages": 4, "grasp_keypoints": [-1, 8, -1, -1], "release_keypoints": [-1, -1, -1, 8]}