{"init_keypoint_positions": [[-0.26348579841466996, -0.25893978054733335, 0.9070347300696615], [-0.37186095753428783, -0.28442579426451803, 0.8231412910617115], [-0.2644960352638772, 0.08876504853915931, 0.7161346154047991], [-0.10887950226348017, 0.11809466540168168, 0.7293023465997968], [-0.07309138030984066, 0.11762624926269459, 0.793892655206038], [-0.22737523142699154, 0.17122061728580734, 0.8097311054658526]], "num_keypoints": 6, "num_stages": 3, "grasp_keypoints": [3, -1, -1], "release_keypoints": [-1, -1, 3]}