{"init_keypoint_positions": [[-0.2971997565943871, -0.25605719402240534, 0.9061444209818565], [-0.2655425401099034, -0.272683978163297, 0.836338697110669], [0.0888341092642371, -0.21586850443565692, 0.7020861813323839], [-0.15088889987075005, -0.16162113794120112, 0.7137803606461959], [0.09076408995696725, -0.11967107930504653, 0.7074512392620584], [0.09358727058978242, -0.053499382195400624, 0.7095679296567776], [-0.24235290549590927, 0.10966817461721104, 0.7416808801282566], [-0.09800410895418743, 0.0956199276377566, 0.8049414320732571], [-0.2430982632731824, 0.19174528833015972, 0.7659183554418935], [-0.3587550805209966, 0.1895786141182132, 0.8015298670647699], [-0.3140596592139216, 0.21835509234240238, 0.7045938728619824]], "num_keypoints": 11, "num_stages": 3, "grasp_keypoints": [3, -1, -1], "release_keypoints": [-1, -1, 3]}