{"init_keypoint_positions": [[-0.05950816135602366, 0.1297407158213598, 0.7907445135524684], [-0.07784599021939231, 0.09243375205415069, 0.716370211679886], [-0.229093013565703, 0.15349481474783436, 0.7857181958543428], [-0.36258463362145166, 0.18164590619474277, 0.8090977064542071], [-0.2354408927280499, 0.1204082412769459, 0.7640474626624166], [-0.26146508301061255, 0.208686284138581, 0.7158774147738254], [-0.24464914852192077, 0.10570453432658594, 0.7236287715240425], [-0.25441208686407335, -0.32006411309526656, 0.8606153339039232], [-0.25912398396188885, -0.26503259910439014, 0.8917386111659835], [-0.30868180412928314, -0.25623546734509434, 0.9752229725348136], [-0.3091278677934385, -0.25766505841880855, 0.8824682663788284], [-0.3671064060265674, -0.2656674486796631, 0.8828109828648099]], "num_keypoints": 12, "num_stages": 3, "grasp_keypoints": [0, -1, -1], "release_keypoints": [-1, -1, 0]}