{"init_keypoint_positions": [[-0.2667645230632425, -0.3445360523595178, 1.093273936667631], [-0.25957787822467204, -0.2639159801180857, 0.8958584244740441], [-0.3091278677934385, -0.25766505841880855, 0.8824682663788284], [-0.30634564948981313, -0.24893909503538802, 1.0211960108449403], [-0.09751817148114797, 0.08679867103265858, 0.7209756793415508], [-0.3466963631847497, 0.09571463840135153, 0.7349892108603737], [-0.24414553917624404, 0.10133335725475973, 0.8097118332142692], [-0.07422504405398522, 0.10812374158210758, 0.7828623648689894], [-0.23423092977924964, 0.12153846732364476, 0.7299379135809498], [-0.3712441791127358, 0.14259255875692206, 0.8110193426241671], [-0.22940334251096872, 0.14807246681165132, 0.7716533618120547], [-0.370749216286414, 0.1582480877557724, 0.7212378694829716], [-0.3681691469733835, 0.17327495306698873, 0.8021729498265876], [-0.2361800680803825, 0.178710649692762, 0.7310572205037709], [-0.27128407917222697, 0.2133260208931297, 0.7937375674272573], [-0.31559182022791854, 0.21812519341908101, 0.705680182668913]], "num_keypoints": 16, "num_stages": 4, "grasp_keypoints": [-1, 9, -1, -1], "release_keypoints": [-1, -1, -1, 9]}