{"init_keypoint_positions": [[-0.32133847401291304, -0.2628691111719848, 0.8597697152357623], [-0.1203807049670346, 0.03068856925383444, 0.7236032181537472], [-0.26041339177629064, 0.09154898668978109, 0.7204189963559419], [-0.25451309310894643, 0.09010170883646858, 0.8097070558803495], [-0.15649612425699735, 0.11742548682644585, 0.763005521933073], [-0.04040333036160637, 0.13361490349653576, 0.6992574722874971], [-0.06329897240091151, 0.15677618191153878, 0.770820170342076], [-0.3587545909507188, 0.18957817616735126, 0.8015312980422], [-0.26136145122128696, 0.20861165094346626, 0.727693813832211]], "num_keypoints": 9, "num_stages": 3, "grasp_keypoints": [5, -1, -1], "release_keypoints": [-1, -1, 5]}