{"init_keypoint_positions": [[-0.2638173346664481, -0.25870365048276467, 0.9054162108805837], [-0.37186095753428783, -0.28442579426451803, 0.8231412910617115], [-0.27826031527273676, 0.0791796987580335, 0.8096995344728922], [-0.09751817148114797, 0.08679867103265858, 0.7209756793415508], [-0.10005147683132529, 0.11835415538925095, 0.762812777204459], [-0.316778975790977, 0.21794155726604603, 0.7005416628066524], [-0.35900782374592344, 0.19171936043751334, 0.809707373439064], [-0.33270088586023916, 0.21265647567444393, 0.7659145276852176], [-0.2960363844082101, 0.22328497818235837, 0.8097280800724629]], "num_keypoints": 9, "num_stages": 3, "grasp_keypoints": [3, -1, -1], "release_keypoints": [-1, -1, 3]}