{"init_keypoint_positions": [[-0.3241380497255326, -0.26132404217970207, 0.872970574284513], [-0.11692324073775412, 0.10837751764673997, 0.7097868142682529], [-0.3632396269668929, 0.11556724603627662, 0.740779355819992], [-0.08025312423268752, 0.1314314120063954, 0.7971573558302869], [-0.22737523142699154, 0.17122061728580734, 0.8097311054658526]], "num_keypoints": 5, "num_stages": 3, "grasp_keypoints": [1, -1, -1], "release_keypoints": [-1, -1, 1]}