{"init_keypoint_positions": [[-0.28621547087639987, -0.2554940297646982, 0.9098566335799898], [-0.2650453335848587, -0.27257667496133703, 0.8390558373456327], [0.09363054826391712, -0.23067659904121715, 0.7080539733483279], [-0.1524590962011994, -0.15859784450970596, 0.7129402215328627], [0.09297176033747598, -0.1318321448603086, 0.7088796568230513], [0.0990055208922063, -0.05180428672075278, 0.7105341896138306], [-0.157869288042558, 0.09163006303628575, 0.7224856616997679], [-0.053240006201828505, 0.09141914690624336, 0.7249233208990137], [-0.24252675711286675, 0.10934872678176721, 0.7654481642791813], [-0.36980099998230953, 0.16992279348471034, 0.7977744719836303], [-0.24288519379989054, 0.1915277646975078, 0.7555106457185604], [-0.3094409762345476, 0.21904913123782527, 0.7013157401830941]], "num_keypoints": 12, "num_stages": 3, "grasp_keypoints": [6, -1, -1], "release_keypoints": [-1, -1, 6]}