{"init_keypoint_positions": [[-0.26431314918371857, -0.2580976675734693, 0.9146787930246195], [-0.36819476435865217, -0.29522501140179847, 0.7992930373974888], [-0.2737926002548612, 0.08051056264838582, 0.8097008206960662], [-0.26244751028700686, 0.09016245013412744, 0.7182823267960107], [-0.10103922583463526, 0.11469154448035657, 0.7578397055465618], [-0.37137002938816105, 0.1499930642706049, 0.7195939756781262], [-0.3700060767996532, 0.16939828406364285, 0.8058906077317716], [-0.31523660708215306, 0.21817334259646665, 0.6994394050523902], [-0.332644012462735, 0.21270805095946624, 0.8043310281850747]], "num_keypoints": 9, "num_stages": 3, "grasp_keypoints": [4, -1, -1], "release_keypoints": [-1, -1, 4]}