{"init_keypoint_positions": [[-0.30869301676565575, -0.25844450506080835, 0.9099026602935539], [-0.36827546634255875, -0.2961892716158749, 0.7945538369495136], [-0.26244751028700686, 0.09016245013412744, 0.7182823267960107], [-0.07663431798750014, 0.10284376260745354, 0.770419334779976], [-0.22606154117404448, 0.1596480145209442, 0.809728897756371], [-0.35992447771504377, 0.18755523670725815, 0.7982126639435305], [-0.31523660708215306, 0.21817334259646665, 0.6994394050523902], [-0.30677096129517234, -0.25870544464565287, 0.9487344706064438], [-0.06520985100749693, 0.12196364563490261, 0.74383341203654], [-0.34625765757896476, 0.09618690408135436, 0.7973487492059967], [-0.22904924759230627, 0.15406094293374525, 0.7812291796592445], [-0.3196675153255021, 0.2175760334850077, 0.807097201306417]], "num_keypoints": 12, "num_stages": 2, "grasp_keypoints": [3, -1], "release_keypoints": [-1, 3]}