{"init_keypoint_positions": [[-0.36799902967598264, -0.29876408638425295, 0.7954312465901072], [-0.2567662880630293, -0.2908211055736191, 0.8486219408008688], [-0.28167507325067614, -0.26493970943098794, 0.9844647504910059], [-0.3082250298982324, -0.2607777266541147, 0.8619502650412149], [-0.26244751028700686, 0.09016245013412744, 0.7182823267960107], [-0.07572857967432634, 0.09468833925989623, 0.7163668286650247], [-0.3580202626381106, 0.10625925995746419, 0.7467724495338032], [-0.05950816135602366, 0.1297407158213598, 0.7907445135524684], [-0.229093013565703, 0.15349481474783436, 0.7857181958543428], [-0.36057745921136297, 0.1903181281721854, 0.8097067874042119], [-0.25133295798870536, 0.19937908845620647, 0.7627337336154931]], "num_keypoints": 11, "num_stages": 4, "grasp_keypoints": [-1, 7, -1, -1], "release_keypoints": [-1, -1, -1, 7]}