{"init_keypoint_positions": [[-0.3232646611867309, -0.26107353401954286, 0.8757333026738846], [-0.3608527642725659, 0.1095552234871558, 0.7590665848106805], [-0.24268798147592036, 0.10128326890140486, 0.8097121849859078], [-0.08832502723941357, 0.12985273515768847, 0.78562616653914], [-0.3151297778270502, 0.21820986867479794, 0.7227121291142355], [-0.290010835669427, 0.2258088971901397, 0.8097299238718887]], "num_keypoints": 6, "num_stages": 3, "grasp_keypoints": [3, -1, -1], "release_keypoints": [-1, -1, 3]}