{"init_keypoint_positions": [[-0.26805068678023475, -0.29262050639974685, 0.9999923747521928], [-0.25991283782906055, -0.28123030505190816, 0.8558322626961334], [-0.26430183120443973, -0.26012537087315374, 0.963095667374286], [-0.32304337372031, -0.2578505252760746, 0.923137995892055], [-0.07560198603179002, 0.09476609017421872, 0.7154559225383232], [-0.24464914852192077, 0.10570453432658594, 0.7236287715240425], [-0.3608527642725659, 0.1095552234871558, 0.7590665848106805], [-0.07286730101935884, 0.11646853268054133, 0.7924046216819208], [-0.229914304945879, 0.14249099230098627, 0.7736619189649048], [-0.24203757758443134, 0.19168585620410475, 0.7794388899077039], [-0.2546755776067541, 0.20340473469928969, 0.7204625154791511], [-0.3343861667715795, 0.21152006365767792, 0.8037285382872517], [-0.31523660708215306, 0.21817334259646665, 0.6994394050523902]], "num_keypoints": 13, "num_stages": 4, "grasp_keypoints": [-1, 7, -1, -1], "release_keypoints": [-1, -1, -1, 7]}