{"init_keypoint_positions": [[-0.2609235818565517, -0.2816532303868066, 0.8485522060574352], [-0.3223441672640154, -0.2622776034302526, 0.8610215237543842], [-0.31230257169925346, -0.2575554094961362, 0.9742561016537987], [-0.07572857967432634, 0.09468833925989623, 0.7163668286650247], [-0.24586037282803147, 0.10232105714583489, 0.7347441213158747], [-0.3616461676128768, 0.11156649548373213, 0.756542588882882], [-0.05950816135602366, 0.1297407158213598, 0.7907445135524684], [-0.22212244962828132, 0.14875332724737214, 0.8094160492429121], [-0.370749216286414, 0.1582480877557724, 0.7212378694829716], [-0.3696578035022118, 0.1613787930756328, 0.7821633146439448], [-0.24704485261812809, 0.19632872943191257, 0.743879519301494], [-0.33335967389314614, 0.21221752325606283, 0.7967811354181626], [-0.29065369958448883, 0.2201610889469165, 0.7244500447636244]], "num_keypoints": 13, "num_stages": 4, "grasp_keypoints": [-1, 3, -1, -1], "release_keypoints": [-1, -1, -1, 3]}