{"init_keypoint_positions": [[-0.36805753943780406, -0.29650392059205033, 0.799725155517262], [-0.2680153063478751, -0.29283900110314726, 0.9987928890565482], [-0.25991283782906055, -0.28123030505190816, 0.8558322626961334], [-0.2624860515209761, -0.26190542437273284, 0.9630173333797173], [-0.3107213255777804, -0.2591715664686066, 0.8628022003283607], [-0.07665661912089816, 0.09364288297772505, 0.7154540639723661], [-0.24464914852192077, 0.10570453432658594, 0.7236287715240425], [-0.3616461676128768, 0.11156649548373213, 0.756542588882882], [-0.07286730101935884, 0.11646853268054133, 0.7924046216819208], [-0.22913554155906585, 0.15291178101919561, 0.7822046793993986], [-0.3696578035022118, 0.1613787930756328, 0.7821633146439448], [-0.3343861667715795, 0.21152006365767792, 0.8037285382872517], [-0.2716624882993089, 0.21432331292663065, 0.725055455097965], [-0.31523660708215306, 0.21817334259646665, 0.6994394050523902]], "num_keypoints": 14, "num_stages": 4, "grasp_keypoints": [-1, 12, -1, -1], "release_keypoints": [-1, -1, -1, 12]}