{"init_keypoint_positions": [[-0.26304874107875775, -0.2592210281681464, 0.9262689658096673], [-0.36819476435865217, -0.29522501140179847, 0.7992930373974888], [-0.2644960352638772, 0.08876504853915931, 0.7161346154047991], [-0.2737926002548612, 0.08051056264838582, 0.8097008206960662], [-0.10549041722129135, 0.10509730678564522, 0.7411744927391747], [-0.07422504405398522, 0.10812374158210758, 0.7828623648689894], [-0.3700060767996532, 0.16939828406364285, 0.8058906077317716], [-0.3496201215791199, 0.20111876771719708, 0.7595109016799436], [-0.316778975790977, 0.21794155726604603, 0.7005416628066524], [-0.29150703670683836, 0.22591018931174214, 0.8097296611355568]], "num_keypoints": 10, "num_stages": 4, "grasp_keypoints": [-1, 4, -1, -1], "release_keypoints": [-1, -1, -1, 4]}