{"init_keypoint_positions": [[-0.3241380497255326, -0.26132404217970207, 0.872970574284513], [0.08883789329116717, -0.2174722141559026, 0.7020294079949105], [-0.13444889348123915, -0.14684217243523354, 0.7117208053939013], [0.0930284474482527, -0.12083991658884258, 0.7090512686912993], [0.09485583358581653, -0.05344248906050503, 0.710023213648465], [-0.11729446363868148, 0.0883940756265503, 0.7117832994663451], [-0.09800411634322473, 0.09561991899808481, 0.8049414935383207], [-0.3601270165978728, 0.1872625728577855, 0.7199833002162992], [-0.2288371662803404, 0.16986040731580979, 0.8097304885200889], [-0.36042018347949245, 0.1866954121490378, 0.8013615880379795]], "num_keypoints": 10, "num_stages": 3, "grasp_keypoints": [5, -1, -1], "release_keypoints": [-1, -1, 5]}