{"init_keypoint_positions": [[-0.27420012790024273, -0.25702171066369617, 0.9138279828151272], [-0.36804927359507833, -0.298204642994553, 0.7906645480954457], [-0.27826031527273676, 0.0791796987580335, 0.8096995344728922], [-0.09903170282813423, 0.08689921142350471, 0.7204652839913486], [-0.34681143377801116, 0.09596431926053214, 0.7981029105849249], [-0.23170152118149978, 0.12961105184827462, 0.71708928757639], [-0.07840977368571556, 0.11801465888040252, 0.7929277080444439], [-0.33246590737748843, 0.2128130267159362, 0.7549053679324096], [-0.3335651583071161, 0.21208065436578383, 0.8064075633298412]], "num_keypoints": 9, "num_stages": 3, "grasp_keypoints": [3, -1, -1], "release_keypoints": [-1, -1, 3]}