{"init_keypoint_positions": [[-0.2897046447898664, -0.252478254643131, 0.8961810699498998], [-0.31757468663004557, -0.2990420640443462, 0.7512941044290677], [0.09956365026096378, -0.2527272162853079, 0.7141578338140472], [-0.13705628225972144, -0.24154481950420512, 0.7099787894340189], [-0.28935211606672756, -0.17751552710049293, 0.7535390107552058], [-0.27288702538366644, -0.09151642770053278, 0.7393821907008502], [0.09485591012627911, -0.053442509681278255, 0.7100230206841308], [-0.2360602875119459, 0.12054417600961753, 0.7527300425624056], [-0.36848216182968846, 0.1727276887559783, 0.7924677333066384]], "num_keypoints": 9, "num_stages": 3, "grasp_keypoints": [4, -1, -1], "release_keypoints": [-1, -1, 4]}