{"init_keypoint_positions": [[-0.252686589360579, -0.30559647691138164, 0.8932572988948841], [-0.3677443233587506, -0.2992405106279828, 0.7915809681066857], [-0.2700978906705509, -0.28300049060921084, 1.00576725648249], [-0.26838808470395015, -0.2737763958387587, 0.8033994078854153], [-0.2654964841760713, -0.2576850928454048, 0.9032229485306649], [-0.26790760781982925, -0.25637843874503324, 0.9444846816236058], [-0.2559800768985272, 0.0901474447451012, 0.8097068408219829], [-0.08932567889935805, 0.09479417703681386, 0.7443610659132597], [-0.24586037282803147, 0.10232105714583489, 0.7347441213158747], [-0.3608527642725659, 0.1095552234871558, 0.7590665848106805], [-0.06466497146912797, 0.11500580392027188, 0.7855004533528018], [-0.22204915142289217, 0.14973069789963148, 0.8095340096480765], [-0.3696578035022118, 0.1613787930756328, 0.7821633146439448], [-0.23535177506648897, 0.17744937522039483, 0.7056475216356122], [-0.24560859084552156, 0.19499684639207512, 0.7454779879196147], [-0.3343861667715795, 0.21152006365767792, 0.8037285382872517], [-0.31523660708215306, 0.21817334259646665, 0.6994394050523902]], "num_keypoints": 17, "num_stages": 3, "grasp_keypoints": [7, -1, -1], "release_keypoints": [-1, -1, 7]}