{"init_keypoint_positions": [[-0.32274532607194095, -0.2611709791252678, 0.8730658582802955], [-0.23531937736349032, 0.1096757642179004, 0.8097155991129531], [-0.10887950226348017, 0.11809466540168168, 0.7293023465997968], [-0.07309138030984066, 0.11762624926269459, 0.793892655206038], [-0.35883583468366365, 0.1894414698429604, 0.7967120017766853]], "num_keypoints": 5, "num_stages": 3, "grasp_keypoints": [2, -1, -1], "release_keypoints": [-1, -1, 2]}