{"init_keypoint_positions": [[-0.3111988354597315, -0.2586204202944867, 0.9099403178882304], [-0.36804927359507833, -0.298204642994553, 0.7906645480954457], [-0.2644960352638772, 0.08876504853915931, 0.7161346154047991], [-0.3340082792165862, 0.08518094333711451, 0.8096888151699423], [-0.10632135294422204, 0.09840756160802533, 0.7328304778615443], [-0.24268798147592036, 0.10128326890140486, 0.8097121849859078], [-0.08948619698769394, 0.11456431757205558, 0.7824296577905379], [-0.34485510675338127, 0.2043654023686633, 0.752940083758953], [-0.316778975790977, 0.21794155726604603, 0.7005416628066524], [-0.3335651583071161, 0.21208065436578383, 0.8064075633298412]], "num_keypoints": 10, "num_stages": 3, "grasp_keypoints": [4, -1, -1], "release_keypoints": [-1, -1, 4]}