{"init_keypoint_positions": [[-0.26350936287571775, -0.30086478827787566, 0.8488725998995179], [-0.28167507325067614, -0.26493970943098794, 0.9844647504910059], [-0.3223441672640154, -0.2622776034302526, 0.8610215237543842], [-0.09960145829728648, 0.08945536192328504, 0.7263544400239553], [-0.24586037282803147, 0.10232105714583489, 0.7347441213158747], [-0.05980683193262509, 0.12381679352026363, 0.7808369057470422], [-0.22212244962828132, 0.14875332724737214, 0.8094160492429121], [-0.370873072275284, 0.15660040538280834, 0.7209099294106877], [-0.3702108058561157, 0.16545200270482505, 0.8096991382612825], [-0.2512581893757215, 0.19928898424894567, 0.7521981049160527], [-0.33335967389314614, 0.21221752325606283, 0.7967811354181626], [-0.28547396969449923, 0.21856897050959784, 0.7250548771477446]], "num_keypoints": 12, "num_stages": 4, "grasp_keypoints": [-1, 4, -1, -1], "release_keypoints": [-1, -1, -1, 4]}