{"init_keypoint_positions": [[-0.2524692345219569, -0.3094612849786567, 0.8999961046709971], [-0.3222671405825611, -0.2597862635270276, 0.8657129820109083], [-0.08932567889935805, 0.09479417703681386, 0.7443610659132597], [-0.34612926469415517, 0.09606799553833004, 0.7987705545517682], [-0.24464914852192077, 0.10570453432658594, 0.7236287715240425], [-0.06914640185103202, 0.11870981927458724, 0.7948348284442003], [-0.3721854552529159, 0.13907878255734288, 0.7229868013745214], [-0.22916824152840853, 0.15248951717161158, 0.7855727016586707], [-0.2478218259709687, 0.19704930964939493, 0.746120702876771], [-0.3315990674311988, 0.21341818453729086, 0.7974007953199629], [-0.31523660708215306, 0.21817334259646665, 0.6994394050523902]], "num_keypoints": 11, "num_stages": 4, "grasp_keypoints": [-1, 2, -1, -1], "release_keypoints": [-1, -1, -1, 2]}