{"init_keypoint_positions": [[-0.32413549873299075, -0.2613195713908197, 0.872978508919007], [-0.13685973527896295, -0.21246520548032433, 0.712768659034541], [0.09388094153354423, -0.18188259726966405, 0.7088146309529202], [-0.15207840316003557, -0.12008911474328729, 0.7153831979909203], [-0.28126687954851576, 0.07634594776293697, 0.8096987660814849], [-0.041525067607800226, 0.1056961513297503, 0.7432245807082445], [-0.3258274489773637, 0.2166596395929703, 0.7956448908689759]], "num_keypoints": 7, "num_stages": 3, "grasp_keypoints": [5, -1, -1], "release_keypoints": [-1, -1, 5]}