{"init_keypoint_positions": [[-0.26827953658540205, -0.2574082643479372, 0.8774124828825283], [0.08801584421312489, -0.17328716244106834, 0.7016439848396776], [-0.15408236325916772, -0.16066110299890082, 0.7116082669545516], [0.09619631628168587, -0.05184039581801664, 0.7103348304352869], [-0.04320382135308681, 0.10407570183962087, 0.7442106388677411], [-0.23385800816317015, 0.12436590875928653, 0.7576675066699563], [-0.27400449059489873, 0.21464014177186366, 0.7683704004342801]], "num_keypoints": 7, "num_stages": 3, "grasp_keypoints": [4, -1, -1], "release_keypoints": [-1, -1, 4]}